State,Year,TotalC,TotalP,TotalE,TotalPrice,BiomassC,CoalC,CoalP,CoalE,CoalPrice,ElecC,ElecE,ElecPrice,FossFuelC,GeoC,GeoP,HydroC,HydroP,NatGasC,NatGasE,NatGasPrice,LPGC,LPGE,LPGPrice,GDP,POPESTIMATE
Alabama,2010,1931522.0,1419613.0,21630.5,17.82,169088.0,718684.0,493094.0,2135.6,2.97,310023.0,7833.0,26.44,1785688.0,138.0,0.0,84919.0,8704.0,544405.0,3222.2,6.65,13088.0,316.7,24.2,176220.75,4785822.0
Alabama,2011,1905207.0,1400108.0,24447.7,20.1,179611.0,651032.0,468671.0,2009.7,3.09,303652.0,7846.1,27.08,1783839.0,135.0,0.0,86313.0,8884.0,609288.0,3122.6,5.72,10343.0,273.8,26.48,181923.0,4801695.0
Alabama,2012,1879716.0,1433370.0,24192.8,19.96,181878.0,547004.0,488084.0,1808.8,3.31,294055.0,7665.7,27.32,1740315.0,141.0,0.0,70754.0,7435.0,677380.0,2595.8,4.28,8628.0,212.0,24.58,187283.25,4817484.0
Alabama,2013,1919365.0,1463647.0,24127.0,19.02,194432.0,565051.0,469162.0,1731.6,3.06,299751.0,7901.4,26.47,1689491.0,141.0,0.0,123071.0,12899.0,625869.0,3090.9,5.38,9094.0,221.7,24.45,191605.25,4833996.0
Alabama,2014,1958221.0,1353725.0,24146.5,18.64,186649.0,575912.0,414366.0,1677.3,2.91,308765.0,8363.3,27.2,1724891.0,141.0,0.0,90030.0,9467.0,651532.0,3521.2,5.81,8460.0,226.6,26.79,197534.5,4849377.0
Alaska,2010,653221.0,1738207.0,6473.9,20.13,4178.0,14548.0,33556.0,49.9,3.43,21315.0,912.4,43.29,634777.0,153.0,0.0,13982.0,1433.0,334978.0,479.2,6.41,1353.0,35.6,26.79,54220.0,713856.0
Alaska,2011,653637.0,1641980.0,8050.4,24.91,4247.0,15481.0,33524.0,59.6,3.85,21562.0,1004.6,47.13,635981.0,214.0,0.0,13066.0,1345.0,339819.0,545.1,6.61,1247.0,36.9,29.78,59318.25,722572.0
Alaska,2012,649341.0,1563102.0,7884.5,25.09,4032.0,15521.0,31332.0,63.0,4.06,21893.0,1035.0,47.84,629768.0,186.0,0.0,14988.0,1575.0,347228.0,513.9,6.26,1314.0,36.0,27.47,61613.5,731081.0
Alaska,2013,621107.0,1513859.0,7281.9,24.6,5168.0,14819.0,24917.0,72.6,4.9,21387.0,1005.2,48.37,600660.0,186.0,0.0,13696.0,1435.0,332963.0,495.4,6.78,1272.0,33.2,26.07,59890.75,737259.0
Alaska,2014,603119.0,1475129.0,6890.6,24.43,5476.0,18225.0,22944.0,88.8,4.87,21034.0,1055.8,51.27,581369.0,186.0,0.0,14633.0,1539.0,329585.0,480.8,6.99,1190.0,32.9,27.65,58066.75,736732.0
Arizona,2010,1383531.0,580948.0,19372.7,22.25,29289.0,457909.0,167930.0,829.1,1.81,248506.0,7058.8,28.4,1292346.0,339.0,0.0,64606.0,6622.0,336208.0,2198.8,6.86,7838.0,219.9,28.05,247333.0,2922297.0
Arizona,2011,1424944.0,617956.0,22628.6,25.62,28565.0,459909.0,174841.0,917.2,1.99,255708.0,7278.6,28.46,1253992.0,345.0,0.0,89135.0,9174.0,293134.0,2084.4,7.45,8759.0,279.9,31.96,255620.5,2938430.0
Arizona,2012,1395839.0,598039.0,22872.4,26.41,27267.0,420570.0,161374.0,879.9,2.09,256116.0,7361.0,28.74,1248032.0,345.0,0.0,63918.0,6717.0,339043.0,1802.3,5.52,6522.0,188.4,28.88,266130.75,2949300.0
Arizona,2013,1414383.0,594994.0,22841.1,26.05,26492.0,454865.0,163691.0,946.8,2.08,258159.0,7669.3,29.71,1289119.0,345.0,0.0,56432.0,5915.0,340375.0,2026.2,6.19,7576.0,223.3,29.47,271072.5,2958765.0
Arizona,2014,1422590.0,635050.0,22609.6,25.94,31481.0,447849.0,173337.0,944.6,2.11,260328.0,7764.4,29.83,1256577.0,345.0,0.0,58185.0,6118.0,315448.0,2155.7,7.15,7373.0,223.2,30.28,281558.75,2966369.0
Arkansas,2010,1120632.0,1247709.0,12269.4,16.9,94865.0,293689.0,718.0,510.6,1.74,164439.0,3393.3,21.57,909827.0,773.0,0.0,35697.0,3659.0,274774.0,1791.7,7.23,10016.0,224.3,22.4,104928.75,6411999.0
Arkansas,2011,1122544.0,1391190.0,14178.8,19.67,97160.0,306119.0,2985.0,592.2,1.93,163530.0,3446.6,22.02,932878.0,750.0,0.0,28738.0,2958.0,288906.0,1902.9,7.36,8992.0,240.3,26.72,109378.25,6472867.0
Arkansas,2012,1067642.0,1472778.0,13755.5,19.98,96248.0,296732.0,2077.0,673.3,2.27,159885.0,3456.4,22.56,918078.0,808.0,0.0,20921.0,2198.0,300572.0,1496.5,5.53,7733.0,191.0,24.71,111541.0,6556236.0
Arkansas,2013,1096438.0,1432074.0,14102.1,19.54,95356.0,327099.0,1433.0,789.4,2.41,159283.0,3686.7,23.29,936796.0,808.0,0.0,25329.0,2655.0,286352.0,1679.0,6.44,8864.0,217.7,24.62,116651.5,6634997.0
Arkansas,2014,1114409.0,1454325.0,13884.9,18.87,95963.0,339214.0,1864.0,820.9,2.42,160638.0,3703.5,23.19,939788.0,808.0,0.0,25104.0,2640.0,274767.0,1849.4,7.44,9145.0,235.6,25.8,121064.75,6731484.0
California,2010,7760629.0,2532205.0,117090.0,20.97,280124.0,54972.0,0.0,161.4,2.94,882107.0,33381.8,38.23,5741492.0,124981.0,12600.0,326152.0,33431.0,2325411.0,14914.1,6.97,63022.0,1669.8,27.58,1960935.0,37336011.0
California,2011,7777115.0,2634789.0,135097.7,24.35,282581.0,55264.0,0.0,173.1,3.13,893745.0,33919.1,38.35,5550201.0,124092.0,12552.0,413488.0,42557.0,2196252.0,14353.7,7.08,62639.0,1921.0,31.26,2031347.75,37701901.0
California,2012,7564063.0,2334863.0,135932.0,24.97,280963.0,43832.0,0.0,133.6,3.05,885544.0,34852.5,39.75,5687343.0,121269.0,12519.0,255384.0,26837.0,2456371.0,13009.6,5.72,55405.0,1492.5,27.66,2121602.25,38062780.0
California,2013,7665241.0,2390424.0,137050.7,24.85,294412.0,38151.0,0.0,129.5,3.39,891666.0,37028.1,42.01,5755210.0,119556.0,12307.0,226643.0,23755.0,2483208.0,14808.6,6.51,54438.0,1493.1,27.94,2215231.5,38431393.0
California,2014,7620082.0,2413494.0,137719.8,25.31,298473.0,39486.0,0.0,135.3,3.43,895939.0,39424.1,44.49,5702418.0,117226.0,12102.0,157213.0,16531.0,2417476.0,16127.9,7.39,51472.0,1424.7,28.42,2324995.5,38802500.0
Colorado,2010,1513547.0,2561459.0,16888.5,17.4,28210.0,382623.0,551825.0,609.9,1.59,180555.0,4786.2,26.9,1370758.0,721.0,0.0,15398.0,1578.0,510877.0,2574.0,6.6,16395.0,365.4,22.53,258148.25,5048575.0
Colorado,2011,1470445.0,2750097.0,19269.7,21.28,30883.0,368871.0,586847.0,637.0,1.73,182400.0,4963.2,27.61,1304903.0,741.0,0.0,20235.0,2083.0,481614.0,2334.4,6.79,16036.0,412.2,25.76,266796.25,5119661.0
Colorado,2012,1440781.0,2921385.0,19295.6,21.81,30680.0,370085.0,629645.0,689.4,1.86,183174.0,4987.6,27.63,1282352.0,759.0,0.0,14247.0,1497.0,461056.0,2064.6,6.32,15118.0,332.3,22.09,277646.75,5191709.0
Colorado,2013,1470844.0,2838193.0,19670.7,21.14,35382.0,363532.0,529096.0,703.4,1.93,182343.0,5258.2,29.01,1303825.0,759.0,0.0,11572.0,1213.0,487445.0,2355.3,6.35,17952.0,423.8,23.81,288809.0,5272086.0
Colorado,2014,1477177.0,3041634.0,19994.4,21.25,36073.0,350526.0,528242.0,683.5,1.95,182189.0,5345.7,29.52,1313834.0,759.0,0.0,16831.0,1770.0,499668.0,2686.4,7.13,16341.0,419.0,25.76,305366.75,5355866.0
Connecticut,2010,764970.0,203188.0,14245.0,25.62,35716.0,28711.0,0.0,99.1,3.45,103697.0,5283.1,50.95,562060.0,20.0,0.0,3811.0,391.0,203814.0,1743.7,8.86,9425.0,270.2,28.67,230357.25,3579345.0
Connecticut,2011,739130.0,195792.0,15498.1,28.13,33958.0,6081.0,0.0,22.4,3.68,101879.0,4881.5,47.91,557282.0,19.0,0.0,5513.0,567.0,236016.0,1788.9,7.79,10092.0,323.1,32.01,232270.75,3590537.0
Connecticut,2012,725019.0,205073.0,15126.6,28.66,32800.0,9290.0,0.0,33.3,3.59,100628.0,4584.5,45.56,544358.0,21.0,0.0,2970.0,312.0,236260.0,1630.6,7.05,8988.0,281.3,31.29,238322.25,3594362.0
Connecticut,2013,754901.0,207118.0,15364.3,27.69,34153.0,7679.0,0.0,32.3,4.21,101761.0,4669.1,45.88,560141.0,21.0,0.0,3835.0,402.0,241509.0,1922.3,8.11,10949.0,330.7,30.21,242417.0,3599341.0
Connecticut,2014,750019.0,197271.0,15483.4,27.84,36011.0,9097.0,0.0,38.8,4.27,100157.0,5004.0,49.96,559695.0,21.0,0.0,4127.0,434.0,240614.0,2162.0,9.17,10083.0,329.9,32.71,250763.75,3596677.0
Delaware,2010,250212.0,3575.0,3584.1,23.5,6901.0,30253.0,0.0,101.3,3.35,39599.0,1389.5,35.09,171414.0,414.0,0.0,0.0,0.0,56087.0,524.2,9.37,5323.0,145.8,27.4,57673.75,899731.0
Delaware,2011,272568.0,3976.0,3987.7,25.32,6781.0,17881.0,0.0,61.0,3.41,39181.0,1309.2,33.73,201518.0,401.0,0.0,0.0,0.0,81710.0,708.3,8.92,4730.0,143.4,30.31,59763.25,907829.0
Delaware,2012,273728.0,3530.0,4040.4,24.83,5972.0,17384.0,0.0,58.3,3.35,39304.0,1266.4,32.48,221203.0,430.0,0.0,0.0,0.0,104421.0,747.7,7.43,4306.0,129.8,30.15,60774.25,916881.0
Delaware,2013,273716.0,3818.0,3856.6,24.28,5977.0,18254.0,0.0,58.4,3.2,38719.0,1215.7,32.11,213411.0,430.0,0.0,0.0,0.0,100106.0,701.7,7.86,4675.0,139.5,29.84,61423.75,925240.0
Delaware,2014,274013.0,4189.0,3848.5,23.77,6249.0,10238.0,0.0,31.5,3.08,38687.0,1239.2,33.16,213655.0,430.0,0.0,0.0,0.0,106854.0,752.7,7.83,4872.0,154.3,31.67,65484.75,935614.0
Florida,2010,4282673.0,510201.0,59825.6,22.05,246789.0,637416.0,0.0,2218.8,3.48,788887.0,24459.8,31.01,3491560.0,9516.0,0.0,1731.0,177.0,1180462.0,7967.6,6.91,20915.0,606.1,28.98,729761.5,18852220.0
Florida,2011,4141711.0,500907.0,67345.1,25.41,245557.0,552730.0,0.0,1959.7,3.55,768009.0,23880.2,31.09,3357837.0,9799.0,0.0,1769.0,182.0,1235953.0,7700.7,6.33,19205.0,605.1,31.51,735244.25,19107900.0
Florida,2012,4029903.0,442188.0,66380.0,25.56,244646.0,482984.0,0.0,1697.6,3.51,752941.0,23028.6,30.58,3327632.0,10056.0,0.0,1432.0,151.0,1348390.0,6982.5,5.27,17524.0,466.2,26.6,764645.5,19355257.0
Florida,2013,4076406.0,542570.0,66108.5,25.13,253961.0,505155.0,0.0,1736.5,3.44,757189.0,22678.3,29.95,3273949.0,10056.0,0.0,2425.0,254.0,1245287.0,6852.9,5.59,16807.0,448.1,26.66,797343.5,19600311.0
Florida,2014,4121680.0,553738.0,66413.6,24.91,250043.0,557882.0,0.0,1857.5,3.33,771379.0,24339.3,31.55,3350291.0,10056.0,0.0,2010.0,211.0,1246670.0,7468.0,6.04,16502.0,481.4,29.18,835578.5,19893297.0
Georgia,2010,3100144.0,561796.0,37231.8,18.25,204742.0,767906.0,0.0,2993.6,3.9,479971.0,12409.5,26.07,2324200.0,300.0,0.0,32407.0,3322.0,541691.0,4545.8,8.66,22767.0,561.3,24.68,407999.0,9714464.0
Georgia,2011,2982837.0,549483.0,42315.7,21.49,210583.0,634756.0,0.0,2400.3,3.78,465298.0,13108.5,28.17,2142535.0,291.0,0.0,26282.0,2705.0,532310.0,4165.2,7.98,18607.0,503.2,27.04,418916.5,9813201.0
Georgia,2012,2767491.0,555238.0,39837.2,21.73,207725.0,435546.0,0.0,1529.9,3.51,446900.0,12274.7,27.47,1946907.0,315.0,0.0,21281.0,2236.0,625008.0,3830.1,6.23,20507.0,527.1,25.7,434977.75,9919000.0
Georgia,2013,2782782.0,581082.0,39938.5,21.37,233509.0,426184.0,0.0,1371.6,3.22,445257.0,12647.6,28.41,1928374.0,315.0,0.0,35431.0,3714.0,635287.0,4417.7,7.06,17424.0,433.8,24.9,450933.5,9994759.0
Georgia,2014,2850990.0,597955.0,39727.8,20.95,252985.0,482657.0,0.0,1521.1,3.15,463315.0,13613.7,29.38,1985059.0,315.0,0.0,29142.0,3064.0,666771.0,4963.1,7.52,19087.0,517.8,27.13,471879.5,10097343.0
Hawaii,2010,278046.0,16245.0,5854.8,30.43,10448.0,17117.0,0.0,39.7,2.32,34176.0,2473.3,73.8,259018.0,1964.0,201.0,687.0,70.0,2732.0,94.7,35.29,3155.0,99.1,31.63,67538.5,1363950.0
Hawaii,2011,287113.0,18378.0,7668.6,38.34,10550.0,16080.0,0.0,29.4,1.83,33989.0,3090.5,92.78,265505.0,2183.0,224.0,905.0,93.0,2744.0,116.7,43.43,3397.0,116.1,34.23,69689.25,1378251.0
Hawaii,2012,280171.0,20485.0,7840.3,40.14,9604.0,16572.0,0.0,33.3,2.01,32889.0,3219.0,99.96,256754.0,2491.0,261.0,1090.0,115.0,2813.0,121.9,44.19,3441.0,127.0,36.91,72100.25,1392766.0
Hawaii,2013,281329.0,25465.0,7645.3,38.6,11179.0,15306.0,0.0,32.4,2.12,32425.0,3153.6,97.51,252836.0,2630.0,275.0,747.0,78.0,2805.0,118.2,42.15,3211.0,104.6,32.58,74011.75,1408987.0
Hawaii,2014,281206.0,27166.0,7378.6,37.38,10950.0,17241.0,0.0,44.7,2.59,32330.0,3159.3,98.0,250786.0,2422.0,254.0,895.0,94.0,2805.0,117.0,41.71,3192.0,106.6,33.38,76424.75,1419561.0
Idaho,2010,516120.0,130652.0,5683.2,17.14,33561.0,8527.0,0.0,20.1,2.35,77786.0,1491.9,19.18,250946.0,2120.0,72.0,89309.0,9154.0,85075.0,571.8,7.4,5268.0,126.8,24.08,55420.25,1570639.0
Idaho,2011,516978.0,176717.0,6621.1,19.65,31192.0,7846.0,0.0,19.9,2.53,79403.0,1498.2,18.87,247718.0,2164.0,63.0,130241.0,13405.0,83947.0,589.7,7.5,5715.0,152.3,26.65,57081.0,1583780.0
Idaho,2012,510869.0,154829.0,6720.4,20.19,31038.0,5186.0,0.0,15.8,3.04,80905.0,1642.0,20.3,248082.0,2213.0,75.0,104109.0,10940.0,90339.0,543.6,6.43,5318.0,118.5,22.29,58544.75,1595590.0
Idaho,2013,526613.0,138799.0,6990.4,20.2,33286.0,7965.0,0.0,21.8,2.73,82598.0,1832.6,22.19,270907.0,1881.0,40.0,80845.0,8473.0,106356.0,620.5,6.19,6604.0,159.5,24.15,61110.75,1612843.0
Idaho,2014,519935.0,154936.0,6980.2,20.43,40040.0,7472.0,0.0,24.4,3.26,79272.0,1841.5,23.23,260704.0,2252.0,79.0,85611.0,9002.0,94319.0,608.5,6.74,4962.0,128.6,25.92,63364.0,1634464.0
Illinois,2010,3955091.0,2090939.0,45326.7,17.39,147792.0,1069037.0,767419.0,1978.6,1.85,493923.0,13111.8,26.82,3225698.0,1965.0,0.0,1157.0,119.0,974412.0,7741.3,8.34,71671.0,1521.1,21.7,653164.0,12840097.0
Illinois,2011,3937616.0,2189423.0,50877.8,19.53,133873.0,1052224.0,864228.0,2093.0,1.99,487526.0,12722.1,26.38,3212010.0,1905.0,0.0,1365.0,140.0,997722.0,7471.4,7.87,66874.0,1615.6,24.45,679269.0,12858725.0
Illinois,2012,3820547.0,2436702.0,47883.4,19.35,132247.0,969294.0,1094204.0,2134.0,2.2,489758.0,11958.3,24.7,3044403.0,2042.0,0.0,1058.0,111.0,950711.0,6159.4,6.84,65531.0,1362.5,21.01,712604.25,12873763.0
Illinois,2013,3991089.0,2519993.0,49122.2,18.54,135697.0,1026925.0,1149607.0,2128.4,2.07,483838.0,11518.5,24.35,3266060.0,2042.0,0.0,1148.0,120.0,1073734.0,7260.8,7.2,78680.0,1770.1,22.59,720494.5,12890552.0
Illinois,2014,4042313.0,2683815.0,51550.0,19.02,138402.0,1017855.0,1293541.0,2154.5,2.12,482935.0,13026.9,27.6,3304158.0,2042.0,0.0,1258.0,132.0,1116417.0,9087.5,8.62,67730.0,1697.4,25.66,742027.75,12880580.0
Indiana,2010,2863396.0,987568.0,27475.6,14.89,98571.0,1449371.0,790889.0,3786.7,2.61,361653.0,8035.5,22.55,2770123.0,4408.0,0.0,4426.0,454.0,580752.0,3583.0,6.51,25691.0,570.4,22.38,283111.5,6490308.0
Indiana,2011,2847188.0,1062319.0,32483.4,17.72,105527.0,1333442.0,840986.0,4157.2,3.12,361051.0,8373.1,23.55,2712351.0,4499.0,0.0,3972.0,409.0,638237.0,4220.2,6.99,25085.0,590.0,23.61,291889.75,6516560.0
Indiana,2012,2770158.0,1046014.0,32334.8,18.07,103946.0,1193465.0,826842.0,3883.1,3.25,358852.0,8611.0,24.4,2562415.0,4647.0,0.0,4125.0,434.0,657719.0,3874.9,6.2,20584.0,471.8,23.02,299906.0,6537632.0
Indiana,2013,2894764.0,1106441.0,33414.8,17.86,108119.0,1198611.0,883260.0,3568.9,2.98,359923.0,9112.0,25.65,2632450.0,4647.0,0.0,3692.0,387.0,682842.0,4405.2,6.69,25008.0,615.3,24.74,310669.25,6570713.0
Indiana,2014,2931630.0,1123098.0,34151.9,17.94,112781.0,1221492.0,886370.0,3513.9,2.88,364888.0,9583.6,26.63,2709827.0,4647.0,0.0,3530.0,371.0,727758.0,5266.2,7.49,22520.0,621.2,28.5,324289.0,6596855.0
Iowa,2010,1499729.0,673102.0,14967.3,15.68,239261.0,493794.0,0.0,746.8,1.51,155059.0,3479.7,22.44,1187456.0,1170.0,0.0,9250.0,948.0,312941.0,2150.7,7.13,66062.0,1390.7,21.05,141382.5,3050295.0
Iowa,2011,1498973.0,689146.0,17308.3,18.18,231401.0,463138.0,0.0,750.2,1.62,155774.0,3451.3,22.16,1155743.0,1359.0,0.0,8991.0,925.0,309672.0,2052.8,6.87,64049.0,1559.8,24.35,149402.0,3064904.0
Iowa,2012,1440053.0,677875.0,16583.3,18.11,216577.0,422595.0,0.0,703.5,1.66,155959.0,3524.3,22.6,1092732.0,1281.0,0.0,7291.0,766.0,299315.0,1697.7,5.87,62281.0,1277.6,20.51,159095.75,3075935.0
Iowa,2013,1518870.0,730473.0,17434.4,17.92,227495.0,402402.0,0.0,736.5,1.83,159358.0,3769.0,23.65,1125533.0,1281.0,0.0,7147.0,749.0,331358.0,2045.9,6.4,70963.0,1558.7,21.97,163495.25,3092341.0
Iowa,2014,1541900.0,757014.0,18021.8,18.24,241138.0,401151.0,0.0,722.7,1.8,161053.0,3847.3,23.89,1137920.0,1281.0,0.0,8356.0,879.0,342431.0,2578.6,7.83,68131.0,1705.3,25.03,170715.0,3107126.0
Kansas,2010,1117631.0,812830.0,11846.4,17.7,39348.0,359908.0,3069.0,546.4,1.52,137915.0,3351.6,24.52,997849.0,906.0,0.0,129.0,13.0,280413.0,1705.6,7.4,12277.0,248.4,20.32,128589.0,2858949.0
Kansas,2011,1104843.0,781704.0,13565.2,20.64,41131.0,346521.0,840.0,608.8,1.76,139074.0,3597.9,26.11,970721.0,1005.0,0.0,143.0,15.0,285318.0,1631.6,6.89,11583.0,276.4,23.94,137654.25,2869965.0
Kansas,2012,1075435.0,793080.0,13438.2,21.28,38492.0,307585.0,388.0,566.0,1.84,137481.0,3733.1,27.42,913457.0,974.0,0.0,99.0,10.0,268086.0,1248.6,5.72,9589.0,213.9,22.37,141600.25,2885966.0
Kansas,2013,1105160.0,830704.0,14104.0,21.42,40855.0,326817.0,541.0,580.8,1.78,135959.0,3790.1,28.68,963626.0,974.0,0.0,139.0,15.0,288840.0,1569.1,6.97,11228.0,267.3,24.04,142773.5,2895801.0
Kansas,2014,1132354.0,880650.0,14646.3,21.46,45862.0,316572.0,1474.0,568.5,1.8,138396.0,4032.6,29.97,965093.0,974.0,0.0,154.0,16.0,289697.0,1754.8,7.73,11283.0,310.8,27.54,146562.0,2904021.0
Kentucky,2010,1978527.0,2781466.0,19987.7,17.16,51017.0,1009823.0,2556093.0,2382.9,2.36,319259.0,6223.8,19.81,1874296.0,2544.0,0.0,25173.0,2580.0,239062.0,1497.9,7.13,33939.0,754.8,22.81,165787.0,4349838.0
Kentucky,2011,1903208.0,2840858.0,23231.2,20.57,51474.0,1010623.0,2623804.0,2466.4,2.44,305505.0,6339.0,21.1,1846216.0,2700.0,0.0,28850.0,2969.0,229056.0,1421.7,7.05,32032.0,810.0,25.61,172255.25,4370038.0
Kentucky,2012,1868483.0,2391118.0,22535.8,20.79,49735.0,909705.0,2193276.0,2249.3,2.47,303833.0,6377.6,21.37,1735259.0,2712.0,0.0,22475.0,2362.0,232702.0,1191.5,5.71,32072.0,685.1,21.62,178209.75,4383465.0
Kentucky,2013,1838898.0,2138426.0,22805.3,20.88,55168.0,914774.0,1940060.0,2199.9,2.4,289214.0,6471.4,22.58,1737960.0,2712.0,0.0,31249.0,3275.0,236423.0,1418.0,6.65,48525.0,1091.1,22.52,182696.25,4399583.0
Kentucky,2014,1770741.0,2055121.0,22467.0,20.75,57195.0,913452.0,1869335.0,2177.9,2.38,268998.0,6378.5,23.96,1754132.0,2712.0,0.0,29895.0,3144.0,261233.0,1762.4,7.4,36157.0,950.1,26.58,188518.0,4413457.0
Louisiana,2010,4385758.0,3170742.0,44999.5,15.06,112227.0,259750.0,54346.0,622.7,2.4,290292.0,6435.6,23.12,3974821.0,1708.0,0.0,10817.0,1109.0,1483201.0,5515.0,5.02,489633.0,8201.9,16.76,231371.5,4545581.0
Louisiana,2011,4388867.0,3972994.0,53391.3,17.96,113514.0,269993.0,52440.0,720.4,2.67,294691.0,6425.6,22.76,4015581.0,1891.0,0.0,10144.0,1044.0,1536147.0,5158.3,4.59,516784.0,10736.4,20.79,236958.25,4575972.0
Louisiana,2012,4255161.0,3789540.0,44310.8,15.46,113460.0,238811.0,53041.0,691.8,2.9,289101.0,5675.3,20.49,3886754.0,1842.0,0.0,6470.0,680.0,1586439.0,3929.7,3.27,565869.0,8111.2,14.35,243308.75,4604744.0
Louisiana,2013,4196622.0,3208044.0,44637.9,15.67,125789.0,228055.0,38079.0,666.9,2.92,292777.0,6349.7,24.3,3785289.0,1842.0,0.0,9966.0,1045.0,1499625.0,4729.4,4.19,613368.0,8491.7,13.86,238308.25,4629284.0
Louisiana,2014,4279443.0,2852411.0,45399.7,15.49,144404.0,209973.0,35541.0,626.6,2.98,309224.0,6777.8,24.4,3810396.0,1842.0,0.0,10366.0,1090.0,1563857.0,5792.4,4.9,617916.0,9278.9,15.03,245790.75,4649676.0
Maine,2010,415065.0,151940.0,6340.6,18.77,114477.0,2279.0,0.0,8.7,3.82,39346.0,1480.8,37.64,277354.0,70.0,0.0,37174.0,3810.0,80988.0,624.0,7.88,10859.0,294.4,27.12,51304.25,1327361.0
Maine,2011,413893.0,154764.0,7425.8,21.93,113899.0,1542.0,0.0,6.5,4.2,38949.0,1435.8,36.86,268118.0,68.0,0.0,38660.0,3979.0,75061.0,569.2,7.84,10996.0,332.0,30.19,51480.75,1327930.0
Maine,2012,399670.0,152331.0,7164.0,22.03,113103.0,1299.0,0.0,6.1,4.69,39446.0,1365.7,34.62,244896.0,72.0,0.0,35519.0,3733.0,70451.0,530.9,7.62,10825.0,327.6,30.27,52606.0,1328592.0
Maine,2013,409785.0,155380.0,7512.4,21.86,116850.0,1657.0,0.0,8.1,4.87,40449.0,1405.7,34.75,253371.0,72.0,0.0,33970.0,3560.0,66014.0,590.9,9.07,13201.0,382.6,28.98,53299.75,1328702.0
Maine,2014,410530.0,151257.0,7557.6,22.62,111979.0,2142.0,0.0,10.5,4.89,40953.0,1518.4,37.08,252829.0,72.0,0.0,34457.0,3623.0,62355.0,623.1,10.21,12801.0,410.8,32.09,55029.0,1330089.0
Maryland,2010,1464503.0,250812.0,21401.3,22.83,51683.0,266067.0,58798.0,894.1,3.36,222925.0,8301.0,37.24,963419.0,548.0,0.0,16267.0,1667.0,217744.0,2099.6,9.94,13030.0,386.6,29.67,314470.5,5788101.0
Maryland,2011,1410012.0,272882.0,23062.5,25.51,49917.0,241190.0,65871.0,881.3,3.65,217002.0,7590.5,34.98,900614.0,532.0,0.0,24748.0,2547.0,199223.0,1935.3,10.03,12743.0,425.4,33.38,323942.5,5843833.0
Maryland,2012,1368600.0,245197.0,22470.7,25.75,49822.0,192334.0,54088.0,681.1,3.54,210908.0,6973.7,33.07,857053.0,570.0,0.0,15764.0,1657.0,216678.0,1802.8,8.63,9977.0,331.8,33.26,331423.75,5891819.0
Maryland,2013,1395961.0,248554.0,22856.9,25.47,54874.0,183191.0,45290.0,620.7,3.39,211201.0,7215.5,34.16,847590.0,570.0,0.0,16477.0,1727.0,207422.0,1912.9,9.42,11389.0,375.0,32.92,337422.0,5938737.0
Maryland,2014,1400614.0,250058.0,22951.3,25.25,53814.0,201220.0,46194.0,595.2,2.96,210465.0,7464.6,35.47,878993.0,570.0,0.0,15364.0,1616.0,217440.0,2151.4,10.21,12185.0,432.2,35.47,350262.5,5976407.0
Massachusetts,2010,1416119.0,108868.0,24558.0,23.33,59866.0,83850.0,0.0,268.9,3.21,194905.0,8144.9,41.79,1107941.0,764.0,0.0,9720.0,996.0,447429.0,4170.3,9.4,9140.0,285.6,31.24,399270.25,6564073.0
Massachusetts,2011,1397164.0,103058.0,27485.1,26.1,59074.0,42963.0,0.0,160.0,3.72,189605.0,7842.4,41.36,1073354.0,962.0,0.0,11161.0,1149.0,464018.0,4159.7,9.06,10672.0,369.4,34.62,413672.75,6612270.0
Massachusetts,2012,1363282.0,110384.0,26511.6,26.85,57348.0,24036.0,0.0,90.4,3.76,188729.0,7626.7,40.41,982397.0,859.0,0.0,8683.0,912.0,430921.0,3407.9,7.98,9254.0,315.2,34.06,432256.25,6655829.0
Massachusetts,2013,1428433.0,102521.0,27681.7,26.5,60267.0,42208.0,0.0,179.5,4.25,188564.0,8019.9,42.53,1030817.0,859.0,0.0,9460.0,992.0,434893.0,4102.9,9.5,11098.0,363.7,32.77,438640.75,6708874.0
Massachusetts,2014,1437640.0,124671.0,27574.4,26.36,61735.0,29871.0,0.0,129.4,4.33,185849.0,8363.5,45.0,1011008.0,859.0,0.0,8579.0,902.0,433246.0,4599.2,10.78,11534.0,411.8,35.7,456273.0,6745408.0
Michigan,2010,2753536.0,626639.0,34591.5,18.47,129422.0,749285.0,0.0,1793.3,2.39,353651.0,10171.9,29.05,2305457.0,4898.0,0.0,12200.0,1251.0,758696.0,6595.8,9.24,41696.0,944.4,22.72,387167.0,9876498.0
Michigan,2011,2785212.0,680857.0,39387.8,20.84,140472.0,691150.0,0.0,2074.4,3.0,358443.0,10846.5,30.57,2253650.0,5088.0,0.0,13188.0,1357.0,787337.0,6520.7,8.76,40051.0,956.2,23.91,401359.75,9875736.0
Michigan,2012,2687926.0,626107.0,38965.2,21.46,140729.0,621633.0,0.0,1917.8,3.09,357640.0,11422.9,32.29,2186354.0,5193.0,0.0,11561.0,1215.0,804084.0,5628.3,7.38,35551.0,798.5,22.5,417328.25,9884781.0
Michigan,2013,2832425.0,654767.0,40621.4,20.48,148084.0,658172.0,0.0,1901.6,2.89,351567.0,11520.6,32.89,2304114.0,5193.0,0.0,13539.0,1419.0,828483.0,6047.9,7.59,47132.0,1145.7,24.33,431111.5,9898193.0
Michigan,2014,2881550.0,682788.0,40740.1,20.01,150125.0,618479.0,0.0,1735.2,2.81,352508.0,11364.6,32.38,2329372.0,5193.0,0.0,15216.0,1600.0,878699.0,6993.8,8.26,46050.0,1273.4,27.78,447221.25,9909877.0
Minnesota,2010,1857095.0,429062.0,20946.6,17.04,163181.0,315438.0,0.0,573.0,1.82,231333.0,5653.0,24.72,1337325.0,1035.0,0.0,8199.0,840.0,427198.0,2797.8,7.0,30431.0,636.4,21.12,271481.0,5310418.0
Minnesota,2011,1850749.0,425422.0,24297.6,19.8,155130.0,315604.0,0.0,635.5,2.01,233834.0,5876.3,25.43,1329595.0,1003.0,0.0,7250.0,746.0,424978.0,2791.7,7.01,29366.0,703.8,24.08,284490.75,5348036.0
Minnesota,2012,1816866.0,417674.0,24201.2,20.14,150916.0,257875.0,0.0,538.1,2.09,231977.0,5970.3,26.06,1281593.0,1075.0,0.0,5339.0,561.0,430286.0,2252.3,5.56,27850.0,611.4,22.05,294728.75,5380615.0
Minnesota,2013,1858816.0,405967.0,24881.5,19.87,148505.0,267695.0,0.0,566.5,2.12,234214.0,6379.2,27.69,1328816.0,1075.0,0.0,4877.0,511.0,474891.0,2838.2,6.31,36574.0,853.1,23.4,307215.75,5422060.0
Minnesota,2014,1912065.0,466967.0,25312.2,19.65,162992.0,313073.0,0.0,642.6,2.05,234470.0,6459.9,28.04,1385193.0,1075.0,0.0,5216.0,548.0,489901.0,3646.8,7.88,39558.0,1042.8,26.76,320381.25,5457173.0
Mississippi,2010,1177620.0,448713.0,13314.3,17.9,71310.0,148463.0,41586.0,476.8,3.21,169533.0,4147.1,25.46,999309.0,855.0,0.0,0.0,0.0,444875.0,2222.8,5.73,11899.0,295.0,24.79,94953.5,2970811.0
Mississippi,2011,1155456.0,441341.0,15188.7,20.82,71184.0,107546.0,28822.0,416.7,3.88,168340.0,4202.5,26.0,944952.0,1074.0,0.0,0.0,0.0,437873.0,2012.9,5.16,10531.0,290.2,27.56,96840.25,2978464.0
Mississippi,2012,1143099.0,390246.0,15314.7,20.75,84165.0,82456.0,30537.0,367.5,4.46,165099.0,4040.3,25.5,989634.0,958.0,0.0,0.0,0.0,499946.0,1640.5,3.82,8627.0,222.6,25.81,102082.75,2986137.0
Mississippi,2013,1138181.0,410271.0,15793.9,21.33,70216.0,97767.0,37197.0,387.1,3.96,166444.0,4373.3,26.9,942046.0,958.0,0.0,0.0,0.0,427323.0,1811.3,4.86,10027.0,249.5,25.11,103269.75,2992206.0
Mississippi,2014,1155549.0,402842.0,15948.5,20.78,71994.0,116537.0,39072.0,383.0,3.29,168582.0,4668.6,28.35,982217.0,958.0,0.0,0.0,0.0,440003.0,2129.2,5.47,10676.0,292.9,27.55,104937.5,2994079.0
Missouri,2010,1910500.0,198297.0,22961.9,18.84,69261.0,801625.0,9816.0,1290.4,1.61,293722.0,6698.6,22.81,1721620.0,339.0,0.0,15018.0,1539.0,282141.0,2664.3,9.64,28861.0,597.9,20.72,255631.25,5996085.0
Missouri,2011,1856590.0,197714.0,26567.3,22.48,66131.0,825650.0,10075.0,1436.3,1.74,287478.0,7008.5,24.38,1719891.0,329.0,0.0,11515.0,1185.0,275308.0,2584.6,9.64,25961.0,611.8,23.57,256996.0,6010544.0
Missouri,2012,1781978.0,203118.0,25904.3,22.85,62496.0,768297.0,9197.0,1448.7,1.89,281269.0,7029.5,24.99,1623633.0,352.0,0.0,6797.0,714.0,258945.0,2210.5,8.71,22703.0,493.2,21.72,265178.25,6025281.0
Missouri,2013,1847506.0,191759.0,26667.6,22.57,71490.0,806549.0,9101.0,1553.0,1.93,284585.0,7538.1,26.49,1689057.0,352.0,0.0,10843.0,1136.0,280845.0,2426.6,8.82,25820.0,605.2,23.44,274540.5,6044917.0
Missouri,2014,1903839.0,199586.0,26719.0,21.94,74839.0,780707.0,8206.0,1578.1,2.02,286193.0,7644.4,26.71,1694147.0,352.0,0.0,6632.0,697.0,301360.0,2631.9,8.92,27023.0,721.1,26.69,283280.25,6063589.0
Montana,2010,400855.0,1148154.0,4744.0,18.26,14644.0,203339.0,797035.0,289.1,1.42,46988.0,1067.2,23.08,447231.0,279.0,0.0,91849.0,9415.0,72888.0,496.1,8.3,9000.0,185.7,20.69,37801.0,990575.0
Montana,2011,402355.0,1104165.0,5702.1,21.73,7601.0,165687.0,746650.0,247.4,1.49,47045.0,1124.5,24.26,422616.0,403.0,0.0,122382.0,12596.0,79470.0,549.1,8.12,9531.0,239.9,25.21,40841.25,997661.0
Montana,2012,395724.0,1008736.0,5569.9,21.89,7601.0,157308.0,660148.0,255.2,1.62,47302.0,1132.6,24.32,405716.0,337.0,0.0,107373.0,11283.0,75234.0,455.2,7.36,8061.0,168.4,20.91,42137.75,1005163.0
Montana,2013,405934.0,1104932.0,5621.0,22.07,8632.0,166104.0,753246.0,307.0,1.85,47922.0,1158.2,25.74,422138.0,337.0,0.0,91959.0,9638.0,81900.0,472.7,7.43,7786.0,176.4,22.65,43223.25,1014864.0
Montana,2014,403446.0,1161804.0,5527.5,21.72,8888.0,175357.0,790673.0,322.1,1.84,48117.0,1163.6,25.76,423897.0,337.0,0.0,109201.0,11483.0,79260.0,527.7,8.29,8298.0,204.2,24.6,44672.25,1023579.0
Nebraska,2010,860741.0,399822.0,8724.6,16.68,109887.0,254552.0,0.0,366.3,1.44,101846.0,2244.2,22.03,666348.0,1151.0,0.0,12818.0,1314.0,169620.0,1112.5,6.87,12111.0,236.1,19.5,91498.25,1829865.0
Nebraska,2011,862675.0,390808.0,9995.9,19.3,116589.0,285384.0,0.0,437.9,1.53,101255.0,2338.2,23.09,690557.0,1195.0,0.0,15713.0,1617.0,173666.0,1073.9,6.55,10877.0,259.5,23.86,99050.25,1842232.0
Nebraska,2012,852984.0,357156.0,10138.1,19.87,107042.0,272587.0,0.0,427.6,1.57,105185.0,2581.1,24.54,668116.0,1212.0,0.0,11962.0,1257.0,161774.0,837.2,5.44,9757.0,211.5,21.67,102163.0,1855487.0
Nebraska,2013,871815.0,370523.0,10323.1,19.39,107097.0,292956.0,0.0,423.1,1.44,104750.0,2682.6,25.61,705960.0,1212.0,0.0,10723.0,1124.0,178752.0,994.8,5.8,12280.0,287.7,23.43,107187.5,1868969.0
Nebraska,2014,864347.0,401699.0,10330.1,19.26,102397.0,276544.0,0.0,395.5,1.43,103118.0,2671.4,25.91,691958.0,1212.0,0.0,11010.0,1158.0,179544.0,1125.0,6.54,10349.0,280.1,27.06,110663.25,1881503.0
Nevada,2010,645604.0,51846.0,9246.5,21.22,9739.0,80228.0,0.0,195.7,2.44,115232.0,3234.5,28.66,577325.0,21631.0,2070.0,21047.0,2157.0,267808.0,1885.7,7.17,4409.0,120.9,28.24,119771.0,2703493.0
Nevada,2011,632655.0,53807.0,9794.5,23.45,9375.0,62701.0,0.0,163.1,2.6,115723.0,2992.8,26.43,529486.0,22419.0,2146.0,21284.0,2191.0,255970.0,1583.0,6.33,4170.0,133.6,32.43,122744.25,2718586.0
Nevada,2012,639190.0,60252.0,10113.0,23.8,9154.0,52850.0,0.0,139.8,2.65,120034.0,3098.5,26.38,548427.0,23886.0,2347.0,23223.0,2440.0,281432.0,1328.5,4.86,4125.0,115.3,28.39,125204.5,2755245.0
Nevada,2013,659568.0,70208.0,10243.6,22.88,10021.0,64838.0,0.0,180.9,2.79,120141.0,3180.0,26.47,569355.0,27022.0,2670.0,25588.0,2682.0,281972.0,1492.7,5.39,4444.0,134.0,30.15,126935.5,2791494.0
Nevada,2014,660256.0,71140.0,10513.0,23.52,10681.0,79230.0,0.0,202.6,2.56,119678.0,3411.2,28.5,568174.0,27499.0,2729.0,22719.0,2389.0,259438.0,1638.7,6.44,4059.0,122.4,30.14,134052.25,2839099.0
New Hampshire,2010,294473.0,156829.0,5226.7,24.21,33502.0,33827.0,0.0,128.5,3.8,37157.0,1615.8,43.48,242475.0,28.0,0.0,14415.0,1478.0,62612.0,503.5,8.07,12029.0,314.1,26.12,62678.75,1316517.0
New Hampshire,2011,292979.0,131919.0,6071.5,27.69,33745.0,24489.0,0.0,87.0,3.55,37084.0,1602.2,43.2,242846.0,27.0,0.0,15592.0,1605.0,72778.0,579.2,7.98,13375.0,392.1,29.32,64097.5,1318109.0
New Hampshire,2012,284490.0,129929.0,5950.6,28.61,35301.0,14191.0,0.0,57.8,4.07,37089.0,1542.8,41.6,224415.0,29.0,0.0,12270.0,1289.0,74336.0,547.6,7.37,15243.0,462.9,30.37,66012.75,1321297.0
New Hampshire,2013,304538.0,166328.0,6118.6,27.88,40393.0,16778.0,0.0,70.6,4.21,37680.0,1579.1,41.91,214922.0,29.0,0.0,13617.0,1427.0,55649.0,566.0,10.18,16495.0,488.3,29.6,67306.5,1322616.0
New Hampshire,2014,310142.0,161033.0,6360.8,27.86,43200.0,14867.0,0.0,63.5,4.27,37341.0,1665.7,44.61,225508.0,29.0,0.0,13137.0,1381.0,58841.0,542.7,9.24,19027.0,616.3,32.39,70345.25,1326813.0
New Jersey,2010,2395713.0,376845.0,37144.8,21.28,64370.0,71961.0,0.0,299.3,4.16,270160.0,11589.0,43.07,1772767.0,448.0,0.0,177.0,18.0,671474.0,6224.4,9.39,8532.0,267.2,31.32,492990.0,8803580.0
New Jersey,2011,2411816.0,390931.0,42752.9,24.18,62752.0,49592.0,0.0,207.3,4.18,262246.0,10953.9,41.95,1794240.0,435.0,0.0,237.0,24.0,677923.0,5806.1,8.7,8544.0,284.5,33.3,497571.0,8842614.0
New Jersey,2012,2241207.0,393682.0,39242.0,24.43,61003.0,25589.0,0.0,103.7,4.05,256081.0,10239.7,40.12,1647100.0,466.0,0.0,102.0,11.0,670970.0,4823.0,7.3,6972.0,231.5,33.21,518422.5,8876000.0
New Jersey,2013,2311685.0,403225.0,39447.6,23.75,65208.0,25910.0,0.0,100.3,3.87,254680.0,10152.7,40.21,1704155.0,466.0,0.0,174.0,18.0,712948.0,5350.9,7.85,7711.0,249.1,32.3,530091.25,8911502.0
New Jersey,2014,2340188.0,388386.0,39116.9,22.78,67456.0,30731.0,0.0,121.3,3.95,252031.0,10190.7,40.98,1799165.0,466.0,0.0,164.0,17.0,798602.0,6046.6,7.86,7881.0,273.6,34.72,545374.25,8938175.0
New Mexico,2010,649962.0,2255073.0,7207.1,20.02,17663.0,267474.0,381448.0,550.3,2.06,76526.0,1833.5,24.88,737539.0,324.0,0.0,2117.0,217.0,246201.0,904.6,6.54,8501.0,206.1,24.24,86194.75,2064950.0
New Mexico,2011,668675.0,2260681.0,8724.8,23.51,17054.0,284737.0,405952.0,584.8,2.05,78618.0,1964.3,25.92,768020.0,442.0,0.0,1892.0,195.0,251838.0,895.4,6.27,7782.0,211.2,27.14,89543.25,2078407.0
New Mexico,2012,666540.0,2315892.0,8855.4,24.0,16179.0,263439.0,409050.0,575.5,2.18,79085.0,1997.5,26.21,745336.0,368.0,0.0,2120.0,223.0,249815.0,725.4,5.15,7683.0,199.8,26.01,90535.25,2084594.0
New Mexico,2013,670257.0,2367423.0,8959.8,23.5,17990.0,256377.0,400228.0,592.9,2.31,78698.0,2106.6,27.25,741402.0,368.0,0.0,876.0,92.0,252867.0,883.0,5.83,8501.0,216.4,25.46,91344.5,2086895.0
New Mexico,2014,679136.0,2514744.0,9019.7,23.37,17189.0,215348.0,400158.0,812.4,3.77,78869.0,2205.2,28.45,711338.0,451.0,9.0,936.0,98.0,256085.0,974.6,6.5,7187.0,198.1,27.56,94791.5,2085572.0
New York,2010,3723729.0,836703.0,61972.0,23.09,120168.0,167094.0,0.0,540.9,3.24,493456.0,23735.2,48.1,2733286.0,1070.0,0.0,248502.0,25472.0,1224485.0,11722.5,9.7,31093.0,885.6,28.48,1208079.25,19400867.0
New York,2011,3611091.0,879395.0,66310.1,25.42,124402.0,125181.0,0.0,447.6,3.58,491487.0,22888.7,46.57,2620842.0,1283.0,0.0,272019.0,27997.0,1247757.0,11178.5,9.1,28906.0,920.9,31.86,1231935.75,19521745.0
New York,2012,3503309.0,817908.0,65453.9,25.49,122513.0,72914.0,0.0,266.2,3.65,488471.0,21683.2,44.39,2593481.0,1185.0,0.0,234593.0,24652.0,1260950.0,9323.4,7.5,26543.0,847.8,31.94,1299813.5,19607140.0
New York,2013,3626150.0,872500.0,66230.7,24.85,129687.0,68707.0,0.0,236.5,3.44,504618.0,22835.6,45.25,2629451.0,1185.0,0.0,238270.0,24973.0,1315282.0,10666.0,8.22,29634.0,936.4,31.6,1335063.5,19695680.0
New York,2014,3742892.0,871720.0,68056.2,24.57,134792.0,64655.0,0.0,218.4,3.38,502833.0,23950.5,47.63,2747588.0,1185.0,0.0,248086.0,26087.0,1386580.0,11638.1,8.56,33225.0,1126.1,33.89,1385776.25,19746227.0
North Carolina,2010,2685333.0,576162.0,33119.5,20.27,134325.0,749091.0,0.0,2651.9,3.54,465448.0,11822.8,25.4,1869784.0,931.0,0.0,46405.0,4757.0,308710.0,2742.5,9.12,47840.0,1273.9,26.63,417375.5,9559488.0
North Carolina,2011,2558792.0,572796.0,36145.8,23.22,141002.0,624783.0,0.0,2283.1,3.65,447262.0,11332.3,25.34,1704725.0,903.0,0.0,37828.0,3893.0,311189.0,2547.1,8.38,41807.0,1170.5,28.0,428730.75,9651502.0
North Carolina,2012,2481060.0,560887.0,36240.3,23.79,142163.0,534713.0,0.0,2025.9,3.79,437026.0,11720.6,26.82,1654828.0,967.0,0.0,35475.0,3728.0,367948.0,2423.1,6.69,36513.0,943.7,25.85,439332.5,9748181.0
North Carolina,2013,2530649.0,606427.0,37527.2,23.39,148324.0,493771.0,0.0,1881.8,3.81,442809.0,11991.2,27.08,1734549.0,967.0,0.0,65838.0,6901.0,445898.0,3076.6,6.96,33150.0,868.5,26.2,454450.0,9848917.0
North Carolina,2014,2554776.0,595660.0,37283.2,23.02,145560.0,501592.0,0.0,1805.0,3.6,454249.0,12421.6,27.35,1761282.0,967.0,0.0,45230.0,4756.0,460876.0,3500.0,7.66,36489.0,1033.4,28.32,474355.25,9943964.0
North Dakota,2010,476072.0,1253749.0,4555.5,13.79,25305.0,409684.0,377669.0,721.7,1.76,44207.0,913.3,20.87,622237.0,906.0,0.0,19923.0,2042.0,70046.0,269.4,6.04,9541.0,187.0,19.79,36033.0,674345.0
North Dakota,2011,528508.0,1518406.0,6480.9,17.34,27145.0,394771.0,367624.0,767.4,1.94,46871.0,1021.1,22.02,652742.0,1001.0,0.0,25068.0,2580.0,77752.0,296.1,5.8,9405.0,220.6,23.52,42122.75,685242.0
North Dakota,2012,552326.0,2135154.0,7095.5,18.3,25455.0,406344.0,366826.0,873.9,2.15,50214.0,1139.8,22.99,678850.0,978.0,0.0,23573.0,2477.0,77469.0,241.4,5.16,9057.0,194.2,21.52,52197.25,701705.0
North Dakota,2013,594439.0,2634178.0,7748.7,18.49,26067.0,393193.0,369479.0,852.1,2.17,54704.0,1298.9,24.07,701050.0,978.0,0.0,17674.0,1852.0,88285.0,279.8,5.08,12682.0,286.6,22.63,54441.25,723857.0
North Dakota,2014,640095.0,3261360.0,8209.6,18.51,26745.0,399195.0,389673.0,866.0,2.17,62234.0,1511.0,24.7,723128.0,978.0,0.0,24073.0,2531.0,90629.0,363.0,6.47,10982.0,287.7,26.57,58230.0,739482.0
Ohio,2010,3824933.0,1032440.0,45104.2,18.18,110645.0,1355137.0,644947.0,3392.6,2.5,525944.0,13976.9,26.89,3304252.0,3241.0,0.0,4186.0,429.0,810958.0,6742.5,8.72,29374.0,699.8,23.96,494736.25,11540070.0
Ohio,2011,3792585.0,1067943.0,50635.8,20.58,115650.0,1222606.0,679187.0,3382.4,2.77,527994.0,13856.1,26.56,3188336.0,3372.0,0.0,3728.0,384.0,849076.0,6576.7,8.08,29302.0,757.8,25.95,521870.0,11544757.0
Ohio,2012,3655849.0,1067944.0,49523.1,20.71,115615.0,1019140.0,642149.0,2940.6,2.89,520183.0,13788.3,26.84,2984206.0,3435.0,0.0,3941.0,414.0,869934.0,5388.4,6.42,23914.0,609.6,25.57,544551.75,11550901.0
Ohio,2013,3739974.0,1149882.0,50067.0,20.02,126808.0,1104486.0,612270.0,2853.0,2.58,512848.0,13715.0,27.08,3170468.0,3435.0,0.0,5240.0,549.0,954374.0,6029.9,6.54,26992.0,738.4,27.53,558969.0,11572005.0
Ohio,2014,3809648.0,1547368.0,51385.5,20.01,129920.0,1057377.0,541830.0,2567.7,2.43,514119.0,14538.3,28.62,3208044.0,3435.0,0.0,4546.0,478.0,1044986.0,7437.8,7.41,27457.0,843.4,31.78,588827.75,11594163.0
Oklahoma,2010,1579910.0,2576077.0,17066.4,17.16,39320.0,346047.0,17580.0,614.8,1.78,197370.0,4362.9,22.3,1571983.0,23.0,0.0,27403.0,2809.0,697351.0,3916.8,6.73,11435.0,244.0,21.41,151317.5,3759481.0
Oklahoma,2011,1585212.0,2704301.0,19766.9,19.91,39133.0,378320.0,19094.0,686.1,1.81,204197.0,4636.6,22.91,1576848.0,23.0,0.0,14641.0,1507.0,676910.0,3500.1,6.27,10418.0,244.3,23.51,165277.5,3786527.0
Oklahoma,2012,1561913.0,2950525.0,19780.9,20.34,41310.0,327089.0,22004.0,666.2,2.04,202470.0,4442.0,22.16,1567142.0,24.0,0.0,10901.0,1146.0,712411.0,3102.3,5.3,8764.0,192.2,21.99,173911.5,3817059.0
Oklahoma,2013,1620837.0,3137443.0,19581.1,19.87,42616.0,335925.0,25054.0,697.9,2.08,204478.0,4629.3,23.23,1537652.0,24.0,0.0,20781.0,2178.0,682277.0,3146.3,5.9,10666.0,253.3,23.75,182447.25,3853118.0
Oklahoma,2014,1679856.0,3572829.0,20496.9,19.97,42870.0,336080.0,20607.0,680.0,2.02,210088.0,4944.3,24.15,1543910.0,24.0,0.0,13585.0,1428.0,665799.0,3454.2,6.93,10596.0,285.6,26.95,190170.5,3878051.0
Oregon,2010,975067.0,393763.0,12716.1,19.2,59498.0,42556.0,0.0,72.7,1.71,157041.0,3478.4,22.15,628380.0,1114.0,0.0,297970.0,30542.0,242914.0,1677.0,7.09,5956.0,142.8,23.98,191393.0,3837083.0
Oregon,2011,1002476.0,513597.0,14924.3,22.37,57460.0,35135.0,0.0,64.7,1.84,160949.0,3792.9,23.57,572458.0,1286.0,0.0,411131.0,42315.0,203607.0,1477.5,7.45,6208.0,170.6,27.48,200267.5,3867644.0
Oregon,2012,975044.0,496254.0,14994.4,22.78,61814.0,28259.0,0.0,55.6,1.97,159302.0,3834.9,24.07,575060.0,1476.0,26.0,375027.0,39410.0,220578.0,1337.9,6.2,5689.0,138.2,24.3,196982.25,3898684.0
Oregon,2013,991867.0,458848.0,14882.5,22.2,71299.0,38900.0,0.0,78.4,2.01,162551.0,4018.9,24.72,608017.0,2803.0,165.0,315785.0,33098.0,244025.0,1495.3,6.23,6013.0,150.5,25.04,197732.75,3928068.0
Oregon,2014,987145.0,479935.0,14866.2,22.29,72449.0,34238.0,0.0,87.3,2.55,161507.0,4110.0,25.45,588438.0,2977.0,183.0,335341.0,35262.0,225576.0,1498.4,6.76,6029.0,159.4,26.44,203328.0,3970239.0
Pennsylvania,2010,3752280.0,3064745.0,49095.9,19.74,132240.0,1310670.0,1485775.0,3607.2,2.75,508265.0,15222.4,30.29,3469617.0,2018.0,0.0,22753.0,2332.0,909263.0,7209.8,8.73,55261.0,1554.5,28.19,588275.75,12711077.0
Pennsylvania,2011,3725014.0,3870671.0,55448.9,22.8,143718.0,1212984.0,1511491.0,3685.4,3.04,507560.0,15382.9,30.73,3412240.0,2180.0,0.0,31258.0,3217.0,1000509.0,7437.4,8.51,57268.0,1744.2,30.46,607403.25,12743995.0
Pennsylvania,2012,3623997.0,4730336.0,54238.3,22.97,141507.0,1093178.0,1390644.0,3282.6,3.0,493750.0,14218.8,29.12,3324396.0,2162.0,0.0,21334.0,2242.0,1079497.0,6576.7,7.09,48347.0,1456.2,30.12,626315.5,12770043.0
Pennsylvania,2013,3826959.0,5873742.0,54519.6,21.67,154219.0,1126118.0,1379262.0,3358.7,2.98,499018.0,14242.2,28.82,3472175.0,2162.0,0.0,24088.0,2525.0,1176660.0,7570.5,7.63,48235.0,1422.2,29.49,645382.5,12781296.0
Pennsylvania,2014,3902434.0,7087392.0,55665.8,21.44,148961.0,1039161.0,1566449.0,3006.4,2.89,500498.0,14984.4,30.2,3486721.0,2162.0,0.0,25117.0,2641.0,1257090.0,8819.3,8.19,48546.0,1516.0,31.23,672413.25,12787209.0
Rhode Island,2010,195314.0,3399.0,3689.9,23.63,6691.0,0.0,0.0,0.0,0.0,26611.0,1097.7,41.25,184732.0,20.0,0.0,36.0,4.0,95710.0,840.2,8.92,1342.0,41.6,31.03,49328.75,1053078.0
Rhode Island,2011,185731.0,3419.0,3907.3,26.16,6265.0,0.0,0.0,0.0,0.0,26383.0,1008.3,38.22,185371.0,127.0,0.0,72.0,7.0,102465.0,813.1,8.02,1469.0,53.3,36.27,49931.25,1052020.0
Rhode Island,2012,183879.0,2822.0,3844.0,26.59,5609.0,0.0,0.0,0.0,0.0,26301.0,982.1,37.34,178036.0,57.0,0.0,41.0,4.0,98435.0,670.3,6.88,1455.0,52.5,36.1,51491.75,1052637.0
Rhode Island,2013,199165.0,2627.0,4008.0,26.21,5458.0,0.0,0.0,0.0,0.0,26549.0,1067.3,40.2,171472.0,57.0,0.0,42.0,4.0,88274.0,755.2,8.67,1711.0,58.7,34.31,52808.5,1053354.0
Rhode Island,2014,204459.0,4304.0,4203.7,26.34,7068.0,0.0,0.0,0.0,0.0,26078.0,1178.0,45.17,178774.0,57.0,0.0,38.0,4.0,91259.0,854.7,9.67,1970.0,75.7,38.4,55098.25,1055173.0
South Carolina,2010,1643912.0,649978.0,18661.9,18.52,101716.0,404966.0,0.0,1500.1,3.7,281419.0,7003.9,24.89,1124533.0,624.0,0.0,23185.0,2376.0,225961.0,1547.6,6.96,11209.0,306.3,27.32,165237.0,4636290.0
South Carolina,2011,1601881.0,661898.0,21119.1,21.36,111632.0,366160.0,0.0,1410.6,3.85,274627.0,7081.3,25.78,1077992.0,605.0,0.0,15100.0,1554.0,235465.0,1432.6,6.18,9625.0,274.1,28.47,171152.75,4673054.0
South Carolina,2012,1558766.0,646738.0,20946.0,21.83,117091.0,298572.0,0.0,1189.5,3.98,265389.0,7079.7,26.68,1012652.0,648.0,0.0,13515.0,1420.0,250482.0,1268.9,5.14,8411.0,214.3,25.48,175434.0,4722621.0
South Carolina,2013,1590456.0,690644.0,21735.9,21.99,113934.0,257319.0,0.0,968.4,3.76,268190.0,7264.7,27.09,975757.0,648.0,0.0,30152.0,3160.0,236710.0,1458.2,6.23,8755.0,227.7,26.01,180855.75,4771929.0
South Carolina,2014,1632085.0,675110.0,21875.7,21.74,122321.0,305656.0,0.0,1115.3,3.65,278487.0,7889.8,28.33,1021676.0,648.0,0.0,24432.0,2569.0,235860.0,1596.0,6.84,9741.0,274.8,28.21,189655.5,4832482.0
South Dakota,2010,378514.0,225387.0,3877.3,17.21,63943.0,39061.0,0.0,77.8,1.99,38747.0,888.3,22.93,226232.0,1716.0,0.0,51110.0,5239.0,72926.0,441.1,6.63,7707.0,148.8,19.31,38043.75,816192.0
South Dakota,2011,378470.0,248370.0,4596.4,20.43,62472.0,32112.0,0.0,69.0,2.15,39851.0,939.8,23.58,218924.0,1962.0,0.0,64205.0,6608.0,73973.0,451.0,6.77,6744.0,157.6,23.37,42453.25,824171.0
South Dakota,2012,375950.0,248616.0,4786.1,21.05,58812.0,35574.0,0.0,80.0,2.25,40037.0,996.3,24.88,225164.0,1868.0,0.0,56915.0,5981.0,71501.0,376.1,5.87,6231.0,136.0,21.83,43258.5,834504.0
South Dakota,2013,389619.0,236679.0,4771.3,20.33,61515.0,34246.0,0.0,71.2,2.08,41660.0,1081.4,25.96,231578.0,1868.0,0.0,38761.0,4063.0,83871.0,462.0,6.09,7501.0,175.0,23.32,44909.5,845510.0
South Dakota,2014,391857.0,249789.0,4819.4,20.32,62730.0,33062.0,0.0,71.7,2.17,42154.0,1118.2,26.53,230463.0,1868.0,0.0,52288.0,5498.0,83464.0,549.3,7.11,6694.0,176.1,26.3,45600.0,853175.0
Tennessee,2010,2247273.0,505731.0,25580.6,18.67,91516.0,515464.0,45030.0,1419.1,2.75,353215.0,8851.1,25.3,1461432.0,205.0,0.0,79392.0,8138.0,263365.0,1997.0,8.13,14037.0,362.6,25.9,254343.0,6356628.0
Tennessee,2011,2195401.0,506701.0,29861.2,22.15,91048.0,481127.0,38576.0,1425.4,2.96,343702.0,9277.6,27.26,1427048.0,199.0,0.0,93037.0,9576.0,267929.0,1886.9,7.61,11999.0,328.9,27.45,264957.5,6398389.0
Tennessee,2012,2080953.0,468757.0,28787.6,22.37,96477.0,423086.0,28372.0,1204.3,2.85,328854.0,8860.3,27.23,1355061.0,213.0,0.0,78942.0,8296.0,281007.0,1578.8,6.01,9047.0,235.1,26.06,280843.0,6455177.0
Tennessee,2013,2132508.0,544916.0,29033.0,21.73,98518.0,399768.0,28376.0,1052.0,2.63,330773.0,8817.5,26.81,1344036.0,213.0,0.0,118721.0,12443.0,285308.0,1850.0,6.82,9879.0,279.2,28.43,289266.25,6497269.0
Tennessee,2014,2194512.0,499501.0,29614.6,21.47,101449.0,427509.0,21711.0,1127.7,2.64,341948.0,9379.0,27.59,1411675.0,213.0,0.0,84645.0,8901.0,311966.0,2232.9,7.48,10383.0,347.7,33.49,300015.25,6549352.0
Texas,2010,11687521.0,11412134.0,135014.3,17.36,179840.0,1568060.0,538258.0,2936.9,1.87,1223057.0,32698.3,27.69,10741110.0,2316.0,0.0,12310.0,1262.0,3689583.0,15761.4,5.18,1425319.0,24548.5,17.23,1251494.0,25245717.0
Texas,2011,11906249.0,12571450.0,163261.8,20.55,205461.0,1695239.0,605290.0,3212.5,1.9,1283134.0,33064.8,26.64,10979933.0,2488.0,0.0,5471.0,563.0,3800578.0,14900.1,4.73,1452532.0,30956.3,21.32,1351048.25,25657477.0
Texas,2012,11931169.0,14180982.0,152010.2,19.1,200181.0,1498818.0,578697.0,2865.1,1.91,1245735.0,30604.4,25.33,11054960.0,2478.0,0.0,5562.0,584.0,3964121.0,11266.1,3.52,1555977.0,23014.5,14.8,1440819.0,26094422.0
Texas,2013,12660976.0,15688922.0,158213.9,19.08,197910.0,1597357.0,564850.0,3189.5,2.0,1292524.0,32034.7,25.67,11616497.0,2478.0,0.0,4580.0,480.0,4143328.0,14021.6,4.46,1650880.0,23641.4,14.33,1527158.5,26505637.0
Texas,2014,12899498.0,17597105.0,162555.8,19.05,214603.0,1585961.0,576803.0,3213.9,2.03,1329553.0,33991.3,26.49,11752655.0,2478.0,0.0,3670.0,386.0,4219128.0,16884.0,5.22,1598099.0,24824.5,15.54,1601976.75,26956958.0
Utah,2010,756012.0,1073063.0,8387.3,16.89,7712.0,356148.0,445692.0,608.3,1.71,95686.0,1925.4,20.45,847682.0,3449.0,277.0,6785.0,696.0,229078.0,1184.8,6.25,4050.0,91.9,23.18,119037.0,2774346.0
Utah,2011,794058.0,1128821.0,10486.0,20.04,9209.0,346181.0,453869.0,622.7,1.8,98467.0,2032.3,20.98,858627.0,4027.0,330.0,11952.0,1230.0,230672.0,1216.2,6.5,4911.0,124.4,25.41,125496.5,2815324.0
Utah,2012,790154.0,1118599.0,10604.7,20.96,9560.0,322055.0,387129.0,629.5,1.95,101416.0,2303.4,23.1,829676.0,3993.0,335.0,7116.0,748.0,232630.0,1063.6,5.86,4285.0,98.9,23.45,129012.25,2855194.0
Utah,2013,831668.0,1122868.0,11068.3,20.52,10581.0,355230.0,385736.0,727.6,2.05,103977.0,2462.0,23.97,897843.0,3851.0,319.0,4818.0,505.0,258909.0,1264.7,6.29,5084.0,121.0,23.81,134922.25,2902787.0
Utah,2014,797995.0,1170681.0,10755.3,20.71,10562.0,344054.0,410997.0,726.3,2.11,102507.0,2487.0,24.57,875384.0,5769.0,522.0,6018.0,633.0,252691.0,1348.3,6.81,4575.0,117.0,25.58,140565.0,2942902.0
Vermont,2010,153697.0,80143.0,2783.6,23.75,19041.0,0.0,0.0,0.0,0.0,19090.0,740.8,38.81,90299.0,28.0,0.0,13140.0,1347.0,8502.0,97.3,11.47,9018.0,247.9,27.49,26406.5,625792.0
Vermont,2011,150475.0,80677.0,3223.2,27.86,17194.0,0.0,0.0,0.0,0.0,18937.0,765.9,40.44,88836.0,27.0,0.0,13843.0,1425.0,8679.0,98.9,11.46,8271.0,246.6,29.81,27564.5,626450.0
Vermont,2012,130412.0,77979.0,3227.9,29.2,16070.0,0.0,0.0,0.0,0.0,18803.0,783.6,41.68,84141.0,29.0,0.0,10555.0,1109.0,8290.0,91.8,11.23,9153.0,279.9,30.58,28146.0,626138.0
Vermont,2013,137527.0,84188.0,3325.3,28.29,20794.0,0.0,0.0,0.0,0.0,19065.0,816.6,42.83,89119.0,29.0,0.0,12269.0,1286.0,9746.0,101.6,10.52,10391.0,310.0,29.84,28610.75,626855.0
Vermont,2014,139897.0,85874.0,3274.9,27.6,20279.0,0.0,0.0,0.0,0.0,19004.0,811.5,42.7,90377.0,29.0,0.0,11177.0,1175.0,10848.0,112.8,10.52,10103.0,327.3,32.39,29661.75,626562.0
Virginia,2010,2483360.0,1096973.0,29847.2,19.12,119506.0,346161.0,564326.0,1222.3,3.53,388307.0,9893.7,25.48,1535604.0,1569.0,0.0,14636.0,1500.0,385931.0,2996.1,8.11,21572.0,594.3,27.55,423505.75,8025376.0
Virginia,2011,2380922.0,1085234.0,33423.7,22.25,116144.0,288348.0,562805.0,1128.1,3.91,376099.0,9747.7,25.92,1431388.0,1764.0,0.0,11760.0,1210.0,383527.0,2774.2,7.67,20844.0,553.7,26.56,431961.25,8110188.0
Virginia,2012,2343908.0,1045095.0,34366.7,22.69,118265.0,222270.0,493398.0,899.0,4.04,367796.0,9779.5,26.59,1432460.0,1701.0,0.0,9933.0,1044.0,424050.0,2426.8,5.98,18335.0,433.4,23.64,444527.5,8193422.0
Virginia,2013,2414477.0,1023009.0,34350.5,22.04,132138.0,290508.0,456766.0,1051.9,3.62,377066.0,9896.8,26.25,1512226.0,1701.0,0.0,11961.0,1254.0,435247.0,2798.4,6.7,22539.0,529.4,23.49,451877.5,8270345.0
Virginia,2014,2430205.0,979780.0,33979.6,21.66,150362.0,278183.0,393225.0,961.6,3.46,382480.0,10284.3,26.89,1500290.0,1701.0,0.0,9084.0,955.0,437322.0,3280.0,7.77,21423.0,541.8,25.29,462243.0,8326289.0
Washington,2010,2031428.0,907957.0,22762.2,18.33,115340.0,94934.0,0.0,220.2,2.32,308376.0,5959.3,19.63,1115899.0,1013.0,0.0,666221.0,68288.0,294871.0,2484.4,8.97,15836.0,388.9,25.2,362113.5,6741911.0
Washington,2011,2059630.0,1101186.0,27091.6,21.54,114621.0,56951.0,0.0,133.1,2.34,319789.0,6294.2,20.01,1042446.0,1262.0,0.0,892101.0,91818.0,272261.0,2484.3,9.77,16604.0,472.2,28.83,372286.75,6822112.0
Washington,2012,2037127.0,1108998.0,27632.5,21.79,112884.0,42656.0,0.0,89.1,2.09,315052.0,6349.4,20.49,1049562.0,1136.0,0.0,851343.0,89464.0,271947.0,2260.5,9.0,16186.0,410.8,25.83,390153.25,6896325.0
Washington,2013,2036309.0,1003330.0,26597.1,21.51,119013.0,74955.0,0.0,154.9,2.07,316916.0,6521.4,20.94,1113069.0,1136.0,0.0,745678.0,78155.0,327840.0,2267.9,8.02,16138.0,411.9,26.04,402789.0,6973742.0
Washington,2014,2011941.0,1027404.0,25804.2,21.11,121119.0,76547.0,0.0,200.3,2.62,314384.0,6494.1,21.04,1092335.0,1136.0,0.0,755695.0,79463.0,319784.0,2157.9,7.83,14874.0,393.4,27.24,422766.5,7061530.0
West Virginia,2010,738821.0,3699729.0,7925.9,17.26,25598.0,848129.0,3346117.0,2256.3,2.66,109293.0,2360.2,21.89,1165405.0,31.0,0.0,13340.0,1367.0,121780.0,700.3,8.42,4636.0,126.5,27.3,66961.0,1854176.0
West Virginia,2011,726341.0,3820203.0,9023.6,20.23,25409.0,822645.0,3321102.0,2227.1,2.71,106587.0,2430.5,23.16,1138906.0,30.0,0.0,14118.0,1453.0,124935.0,624.5,7.87,4323.0,121.2,28.04,70891.25,1854982.0
West Virginia,2012,720985.0,3720223.0,8945.3,21.13,24257.0,756716.0,3059090.0,2062.2,2.73,105148.0,2482.0,23.91,1083056.0,32.0,0.0,13622.0,1431.0,140133.0,542.5,7.2,4030.0,123.3,30.6,70914.75,1856313.0
West Virginia,2013,743612.0,3809750.0,8940.3,20.48,30008.0,771188.0,2874653.0,2021.9,2.62,107136.0,2483.3,23.2,1113141.0,32.0,0.0,16590.0,1739.0,153875.0,595.8,6.95,5866.0,181.3,30.91,72762.5,1853595.0
West Virginia,2014,752942.0,4154063.0,8756.3,19.97,30091.0,816460.0,2858022.0,2030.8,2.49,111559.0,2499.5,22.44,1163308.0,32.0,0.0,11811.0,1242.0,161661.0,678.4,7.38,4009.0,134.7,33.6,74432.75,1850326.0
Wisconsin,2010,1791199.0,329441.0,21593.9,18.48,137892.0,458442.0,0.0,1026.9,2.24,234583.0,6669.2,28.76,1361165.0,592.0,0.0,20603.0,2112.0,376627.0,3061.9,8.4,32179.0,647.4,20.22,253801.0,5689268.0
Wisconsin,2011,1778018.0,312552.0,24577.7,20.97,136188.0,447370.0,0.0,1169.2,2.61,234103.0,6943.9,30.01,1359984.0,574.0,0.0,20859.0,2147.0,399247.0,3028.0,7.82,32051.0,734.9,22.99,263634.75,5708785.0
Wisconsin,2012,1721543.0,333635.0,24139.9,21.41,133110.0,373281.0,0.0,937.8,2.51,234814.0,7015.7,30.25,1283286.0,615.0,0.0,14486.0,1522.0,410305.0,2563.0,6.42,27669.0,573.3,20.77,273879.75,5724888.0
Wisconsin,2013,1813458.0,310413.0,24929.5,20.43,134199.0,454554.0,0.0,1108.9,2.44,235851.0,7256.0,30.82,1418732.0,615.0,0.0,18880.0,1979.0,453608.0,3011.4,6.7,36388.0,814.5,22.39,281549.25,5742953.0
Wisconsin,2014,1868867.0,298603.0,26448.1,20.74,136809.0,417096.0,0.0,1018.7,2.44,237116.0,7335.7,30.99,1437711.0,615.0,0.0,23507.0,2472.0,477923.0,3981.2,8.42,36344.0,928.0,25.58,293341.25,5757564.0
Wyoming,2010,540122.0,10536570.0,4524.9,15.16,3330.0,484239.0,7658286.0,636.2,1.31,58391.0,1035.0,18.27,805265.0,598.0,0.0,9989.0,1024.0,154759.0,371.8,5.92,5226.0,115.0,22.17,39093.25,564358.0
Wyoming,2011,556548.0,10353148.0,5498.9,18.01,3974.0,467671.0,7591675.0,710.2,1.52,59429.0,1118.0,19.39,797726.0,670.0,0.0,11890.0,1224.0,161776.0,413.7,6.35,5481.0,139.7,25.55,41578.0,567631.0
Wyoming,2012,550182.0,9611304.0,5728.4,18.52,4165.0,490128.0,6973727.0,724.1,1.48,57906.0,1189.9,21.19,821266.0,663.0,0.0,8502.0,893.0,158546.0,380.6,5.61,4817.0,103.3,21.52,39909.0,576893.0
Wyoming,2013,539146.0,9233869.0,5532.1,18.41,4694.0,520699.0,6760447.0,813.0,1.56,58187.0,1254.7,22.24,839683.0,663.0,0.0,6782.0,711.0,155960.0,377.5,5.58,5113.0,118.6,23.2,40456.5,583223.0
Wyoming,2014,535612.0,9361755.0,5841.2,18.7,4566.0,489300.0,6880205.0,797.9,1.63,58461.0,1294.7,22.87,803967.0,663.0,0.0,8261.0,869.0,141763.0,456.1,6.66,5442.0,135.0,24.8,40875.5,584153.0
District of Columbia,2010,190529.0,95.0,2497.5,25.76,1027.0,71.0,0.0,0.2,2.63,40524.0,1586.0,39.14,58155.0,6.0,0.0,0.0,0.0,33717.0,415.8,12.41,21.0,0.6,28.26,104044.75,605210.0
District of Columbia,2011,183806.0,271.0,2453.0,26.66,1028.0,48.0,0.0,0.2,3.26,39450.0,1480.5,37.53,55887.0,59.0,0.0,0.0,0.0,33389.0,377.2,11.91,18.0,0.5,29.64,108029.0,620427.0
District of Columbia,2012,172963.0,277.0,2218.2,25.5,819.0,77.0,0.0,0.2,3.08,38415.0,1334.7,34.74,49025.0,22.0,0.0,0.0,0.0,29389.0,316.3,11.18,27.0,0.7,27.11,109760.0,635040.0
District of Columbia,2013,175560.0,323.0,2229.1,24.63,855.0,4.0,0.0,0.0,3.15,37824.0,1314.0,34.74,53357.0,22.0,0.0,0.0,0.0,34315.0,375.1,11.43,25.0,0.7,28.24,111816.5,649111.0
District of Columbia,2014,178929.0,360.0,2320.3,24.96,920.0,48.0,0.0,0.1,3.0,38193.0,1355.9,35.5,55217.0,22.0,0.0,0.0,0.0,35316.0,411.3,12.11,24.0,0.8,32.28,116539.25,658893.0
United States,2010,97446021.0,74593106.0,1212094.3,18.92,4235786.0,20828382.0,21831301.0,50473.7,2.42,12811519.0,365912.7,28.92,80891321.0,207979.0,15219.0,2538541.0,260203.0,24633507.0,161302.8,7.37,2820984.0,54706.5,19.45,14859772.5,309347057.0
United States,2011,96827465.0,77778786.0,1393001.3,21.88,4290667.0,19663856.0,22057248.0,50440.5,2.57,12794475.0,368009.4,29.12,79487114.0,212311.0,15316.0,3102852.0,319355.0,25014983.0,155943.5,7.03,2838955.0,65197.2,23.0,15406000.25,311721632.0
United States,2012,94411432.0,79032062.0,1356103.6,21.85,4249844.0,17380923.0,20585319.0,45245.1,2.6,12606145.0,360862.9,28.98,77530807.0,211592.0,15562.0,2628702.0,276240.0,26138351.0,132829.6,5.74,2911810.0,50772.0,17.47,16041239.75,314112078.0
United States,2013,97141368.0,81604540.0,1378359.7,21.45,4464695.0,18038771.0,19901802.0,45516.6,2.52,12709249.0,372069.5,29.64,79551830.0,214006.0,15775.0,2562382.0,268565.0,26858134.0,151611.5,6.44,3166737.0,55075.0,17.42,16548795.25,316497531.0
United States,2014,98385210.0,87228228.0,1394974.0,21.33,4611638.0,17996577.0,20170837.0,45118.9,2.51,12845157.0,389871.5,30.74,80425776.0,214490.0,15877.0,2466577.0,259367.0,27513198.0,174018.8,7.2,3090053.0,58652.3,19.03,17233140.0,318857056.0
