Year,2020,,,2016,,,,2012,,,2008,,,2004,,,2000,,,,1996,,,,1992,,,,1988,,,1984,,,1980,,,,1976,,,1972,,,1968,,,,1964,,,1960,,,,1956,,,,1952,,,1948,,,,,1944,,,1940,,,1936,,,1932,,,,1928,,,1924,,,,1920,,,,1916,,,,1912,,,,,1908,,,,1904,,,,1900,,,1896,,,1892,,,,1888,,,1884,,,1880,,,,1876,,,1872,,,1868,,,1864,,,1860,,,,,1856,,,,1852,,,,1848,,,,1844,,,,1840,,,1836,,,,,1832,,,,1828,,
State,Total,"Biden, Joe - Democratic","Trump, Donald - Republican",Total,"Clinton, Hillary - Democratic","Trump, Donald - Republican","Johnson, Gary - Libertarian",Total,"Obama, Barack - Democratic","Romney, Mitt - Republican",Total,"Obama, Barack - Democratic","McCain, John - Republican",Total,"Kerry, John - Democratic","Bush, George W. - Republican",Total,"Gore, Al - Democratic","Bush, George W. - Republican","Nader, Ralph - Green",Total,"Clinton, Bill - Democratic","Dole, Bob - Republican","Perot, Ross - Reform",Total,"Clinton, Bill - Democratic","Bush, George H.W. - Republican","Perot, Ross - Independent",Total,"Dukakis, Michael - Democratic","Bush, George H.W. - Republican",Total,"Mondale, Walter - Democratic","Reagan, Ronald - Republican",Total,"Carter, Jimmy - Democratic","Reagan, Ronald - Republican","Anderson, John - Independent",Total,"Carter, Jimmy - Democratic","Ford, Gerald - Republican",Total,"McGovern, George - Democratic","Nixon, Richard - Republican",Total,"Humphrey, Hubert - Democratic","Nixon, Richard - Republican","Wallace, George - American Independent",Total,"Johnson, Lyndon (LBJ) - Democratic","Goldwater, Barry - Republican",Total,"Kennedy, John (JFK) - Democratic","Nixon, Richard - Republican","Other (Unpledge Democratic, etc.)",Total,"Stevenson, Adlai - Democratic","Eisenhower, Dwight - Republican","Other (Unpledged Democratic, etc.)",Total,"Stevenson, Adlai - Democratic","Eisenhower, Dwight - Republican",Total,"Truman, Harry - Democratic","Dewey, Thomas - Republican","Thurmond, Strom - States' Rights ""Dixiecrat""","Wallace, Henry - Progressive",Total,"Roosevelt, Franklin (FDR) - Democratic","Dewey, Thomas - Republican",Total,"Roosevelt, Franklin (FDR) - Democratic","Wilkie, Wendell - Republican",Total,"Roosevelt, Franklin (FDR) - Democratic","Landon, Alf - Republican",Total,"Roosevelt, Franklin (FDR) - Democratic","Hoover, Herbert - Republican","Thomas, Norman - Socialist",Total,"Smith, Al - Democratic","Hoover, Herbert - Republican",Total,"Davis, John - Democratic","Coolidge, Calvin - Republican","LaFollette, Robert - Progressive",Total,"Cox, John - Democratic","Harding, Warren - Republican","Debs, Eugene - Socialist",Total,"Wilson, Woodrow - Democratic","Hughes, Charles - Republican","Benson, Allan - Socialist",Total,"Wilson, Woodrow - Democratic","Taft, William - Republican","Roosevelt, Theodore ""Teddy"" - Progressive ""Bull Moose""","Debs, Eugene - Socialist",Total,"Bryan, William - Democratic","Taft, William - Republican","Debs, Eugene - Socialist",Total,"Parker, Alton - Democratic","Roosevelt, Theodore (Teddy) - Republican","Debs, Eugene - Socialist",Total,"Bryan, William - Democratic","McKinley, William - Republican",Total,"Bryan, William - Democratic","McKinley, William - Republican",Total,"Cleveland, Grover - Democratic","Harrison, Benjamin - Republican","Weaver, James - Populist",Total,"Cleveland, Grover - Democratic","Harrison, Benjamin - Republican",Total,"Cleveland, Grover - Democratic","Blaine, James - Republican",Total,"Hancock, Winfield - Democratic","Garfield, James - Republican","Weaver, James - Greenback",Total,"Tilden, Samuel - Democratic","Hayes, Rutherford - Republican",Total,"Greeley, Horace - Liberal Republican/Democratic","Grant, Ulysses - Republican",Total,"Seymour, Horatio - Democratic","Grant, Ulysses - Republican",Total,"McClellan, George - Democratic","Lincoln, Abraham - National Union (Republican)",Total,"Douglas, Stephen - (Northern) Democratic","Lincoln, Abraham - Republican","Breckinridge, John - Southern Democratic","Bell, John - Constitutional Union",Total,"Buchanan, James - Democratic","Fremont, John - Republican","Fillmore, Millard - American",Total,"Pierce, Franklin - Democratic","Scott, Winfield - Whig","Hale, John - Free Soil",Total,"Cass, Lewis - Democratic","Taylor, Zachary - Whig","Van Buren, Martin - Free Soil",Total,"Polk, James - Democratic","Clay, Henry - Whig","Birney, James - Liberty",Total,"Van Buren, Martin - Democratic","Harrison, William - Whig",Total,"Van Buren, Martin - Democratic","Harrison, William - Whig","White, Hugh - Whig","Webster, Daniel - Whig",Total,"Jackson, Andrew - Democratic","Clay, Henry - National Republican","Wirt, William - Anti-Masonic",Total,"Jackson, Andrew - Democratic","Adams, John Quincy - National Republican"
Nationwide,"158,523,212","81,285,562","74,225,179","137,143,218","65,853,677","62,985,153","4,489,359","129,235,558","65,918,507","60,934,407","131,473,705","69,499,428","59,950,323","122,303,590","59,027,115","62,039,572","105,425,985","51,009,810","50,462,412","2,883,443","96,275,640","47,400,125","39,198,755","8,085,402","104,426,611","44,909,806","39,104,550","19,743,821","91,594,686","41,809,476","48,886,597","92,653,233","37,577,352","54,455,472","86,509,678","35,480,115","43,903,230","5,719,850","81,540,780","40,831,881","39,148,634","77,744,030","29,173,222","47,168,710","73,199,999","31,271,839","31,783,783","9,901,118","70,641,539","43,129,040","27,175,754","68,832,483","34,220,984","34,108,157","503,342","62,021,979","26,028,028","35,579,180","414,771","61,751,942","27,375,090","34,075,529","48,794,710","24,179,347","21,991,292","1,175,946","1,157,328","47,977,092","25,612,916","22,017,929","49,912,852","27,314,449","22,348,343","45,654,388","27,757,431","16,683,574","39,752,454","22,821,513","15,761,532","884,895","36,808,961","15,015,863","21,428,584","29,092,624","8,384,341","15,719,068","4,833,821","26,788,225","9,140,256","16,166,126","914,191","18,541,318","9,130,861","8,549,700","590,190","15,045,546","6,294,284","3,487,937","4,120,609","900,742","14,889,239","6,408,979","7,678,335","420,852","13,525,095","5,083,880","7,630,557","402,810","13,997,429","6,370,932","7,228,864","13,938,674","6,510,807","7,112,138","12,068,027","5,553,898","5,190,799","1,026,595","11,388,846","5,538,163","5,443,633","10,060,145","4,914,482","4,856,903","9,217,410","4,444,267","4,453,337","306,135","8,418,659","4,286,808","4,034,142","6,471,983","2,833,710","3,597,439","5,722,816","2,708,980","3,013,790","4,018,202","1,806,227","2,211,317","4,681,267","1,381,944","1,855,993","851,844","590,946","4,051,605","1,835,140","1,340,668","872,703","3,159,640","1,605,943","1,386,418","155,799","2,876,818","1,222,353","1,360,235","291,475","2,703,864","1,339,570","1,300,157","62,054","2,412,694","1,129,645","1,275,583","1,502,811","763,291","549,907","146,107","41,201","1,283,720","702,735","474,107","99,817","1,149,216","642,806","501,967"
Alabama,"2,323,282","849,624","1,441,170","2,123,372","729,547","1,318,255","44,467","2,074,338","795,696","1,255,925","2,099,819","813,479","1,266,546","1,883,449","693,933","1,176,394","1,672,551","695,602","944,409","18,349","1,534,349","662,165","769,044","92,149","1,688,060","690,080","804,283","183,109","1,378,476","549,506","815,576","1,441,713","551,899","872,849","1,341,929","636,730","654,192","16,481","1,182,850","659,170","504,070","1,006,093","256,923","728,701","1,049,917","196,579","146,923","691,425","689,817",0,"479,085","564,473","318,303","237,981","8,189","496,871","280,844","195,694","20,333","426,120","275,075","149,231","214,980",0,"40,930","171,443","1,522","244,743","198,918","44,540","294,219","250,726","42,184","275,744","238,196","35,358","245,354","207,910","34,675","2,030","248,981","127,796","120,725","162,355","113,138","40,615","8,040","260,307","160,560","96,589","2,402","130,728","99,409","28,662","1,916","117,869","82,438","9,717","22,680","3,029","105,152","74,391","25,561","1,450","108,785","79,797","22,472",853,"159,692","97,129","55,612","194,580","130,298","55,673","232,543","138,135","9,184","84,984","175,085","117,314","57,177","153,624","92,736","59,444","151,902","91,130","56,350","4,422","171,699","102,989","68,708","169,716","79,444","90,272","149,594","72,921","76,667",,,,"90,122","13,618",0,"48,669","27,835","75,291","46,739",0,"28,552","44,147","26,881","15,061",0,"61,659","31,173","30,482",0,"63,403","37,401","26,002",0,"62,511","33,996","28,515","37,296","20,638",0,"16,658",0,"14,291","14,286",5,0,"18,618","16,736","1,878"
Alaska,"359,530","153,778","189,951","318,608","116,454","163,387","18,725","300,495","122,640","164,676","326,197","123,594","193,841","312,598","111,025","190,889","285,560","79,004","167,398","28,747","241,620","80,380","122,746","26,333","258,506","78,294","102,000","73,481","200,116","72,584","119,251","207,605","62,007","138,377","158,445","41,842","86,112","11,155","123,574","44,058","71,555","95,219","32,967","55,349","83,035","35,411","37,600","10,024","67,259","44,329","22,930","60,762","29,809","30,953",0,,,,,,,,,,,,,,,,,,,,,,,,,,,,,,,,,,,,,,,,,,,,,,,,,,,,,,,,,,,,,,,,,,,,,,,,,,,,,,,,,,,,,,,,,,,,,,,,,,,,,,,,,,,,,,,,,,,,,,,,,
Arizona,"3,397,388","1,672,143","1,661,686","2,604,657","1,161,167","1,252,401","106,327","2,306,559","1,025,232","1,233,654","2,303,838","1,034,707","1,230,111","2,016,102","893,524","1,104,294","1,534,113","685,341","781,652","45,645","1,404,405","653,288","622,073","112,072","1,487,006","543,050","572,086","353,741","1,171,873","454,029","702,541","1,025,897","333,854","681,416","873,945","246,843","529,688","76,952","742,719","295,602","418,642","653,505","198,540","402,812","486,936","170,514","266,721","46,573","480,770","237,753","242,535","398,491","176,781","221,241",469,"290,173","112,880","176,990",303,"260,570","108,528","152,042","177,065","95,251","77,597",0,"3,310","137,634","80,926","56,287","150,039","95,267","54,030","124,163","86,722","33,433","118,251","79,264","36,104","2,618","91,254","38,537","52,533","73,961","26,235","30,516","17,210","66,562","29,546","37,016",0,"58,021","33,170","20,524","3,174","23,722","10,324","3,021","6,949","3,163",,,,,,,,,,,,,,,,,,,,,,,,,,,,,,,,,,,,,,,,,,,,,,,,,,,,,,,,,,,,,,,,,,,,,,,,,,,,
Arkansas,"1,219,069","423,932","760,647","1,130,676","380,494","684,872","29,949","1,069,468","394,409","647,744","1,086,617","422,310","638,017","1,054,945","469,953","572,898","921,781","422,768","472,940","13,421","884,262","475,171","325,416","69,884","950,653","505,823","337,324","99,132","827,738","349,237","466,578","884,406","338,646","534,774","837,582","398,041","403,164","22,468","769,396","499,614","268,753","647,666","198,899","445,751","609,590","184,901","189,062","235,627","560,426","314,197","243,264","428,509","215,049","184,508","28,952","406,572","213,277","186,287","7,008","404,800","226,300","177,155","242,475","149,659","50,959","40,068",751,"212,954","148,965","63,551","200,743","158,622","42,121","179,423","146,765","32,039","220,562","189,602","28,467","1,269","197,693","119,196","77,751","138,532","84,795","40,564","13,173","183,637","107,409","71,117","5,111","170,104","112,211","48,879","6,999","125,104","68,814","25,585","21,644","8,153","151,822","87,015","56,624","5,842","116,421","64,434","46,860","1,816","127,866","81,142","44,800","149,347","110,103","37,512","148,117","87,834","47,072","11,831","157,058","86,062","59,752","125,779","72,734","51,198","107,772","60,489","41,661","4,079","96,946","58,086","38,649","79,300","37,927","41,373","41,190","19,078","22,112",,,,"54,152","5,357",0,"28,732","20,063","32,642","21,910",0,"10,732","19,577","12,173","7,404",0,"16,888","9,301","7,587",0,"15,150","9,546","5,604",0,"11,839","6,679","5,160","3,714","2,380",0,"1,334",0,,,,,,,
California,"17,511,515","11,110,250","6,006,429","14,243,449","8,753,792","4,483,814","478,500","13,055,815","7,854,285","4,839,958","13,583,083","8,274,473","5,011,781","12,421,859","6,745,485","5,509,826","10,965,856","5,861,203","4,567,429","418,707","10,019,484","5,119,835","3,828,380","697,847","11,131,721","5,121,325","3,630,574","2,296,006","9,887,064","4,702,233","5,054,917","9,505,423","3,922,519","5,467,009","8,587,063","3,083,661","4,524,858","739,833","7,867,117","3,742,284","3,882,244","8,367,862","3,475,847","4,602,096","7,251,587","3,244,318","3,467,664","487,270","7,057,586","4,171,877","2,879,108","6,506,578","3,224,099","3,259,722","22,757","5,466,355","2,420,135","3,027,668","18,552","5,341,603","2,257,646","3,035,587","4,021,538","1,913,134","1,895,269","1,228","190,381","3,520,875","1,988,564","1,512,965","3,268,791","1,877,618","1,351,419","2,638,882","1,766,836","836,431","2,267,966","1,324,157","847,902","63,299","1,796,656","614,365","1,162,323","1,281,900","105,514","733,250","424,649","944,050","229,191","624,992","64,076","999,603","466,289","462,516","42,898","677,944","283,436","3,914","283,610","79,201","386,597","127,492","214,398","28,659","331,878","89,404","205,226","29,535","302,318","124,985","164,755","298,419","144,766","146,688","269,609","118,174","118,027","25,311","251,339","117,729","124,816","196,988","89,288","102,369","164,218","80,426","80,282","3,381","155,784","76,460","79,258","95,785","40,717","54,007","108,656","54,068","54,588","105,890","43,837","62,053","119,827","37,999","38,733","33,969","9,111","110,255","53,342","20,704","36,195","76,810","40,721","35,972",61,,,,,,,,,,,,,,,,,,,,,,,
Colorado,"3,256,980","1,804,352","1,364,607","2,780,247","1,338,870","1,202,484","144,121","2,571,846","1,323,102","1,185,243","2,401,462","1,288,633","1,073,629","2,130,325","1,001,725","1,101,256","1,741,365","738,227","883,745","91,434","1,510,704","671,152","691,848","99,629","1,569,180","629,681","562,850","366,010","1,372,394","621,453","728,177","1,295,381","454,974","821,818","1,184,415","367,973","652,264","130,633","1,081,135","460,353","584,367","953,884","329,980","597,189","811,199","335,174","409,345","60,813","776,986","476,024","296,767","736,246","330,629","402,242","3,375","663,074","263,997","394,479","4,598","630,103","245,504","379,782","515,237","267,288","239,714",0,"6,115","505,039","234,331","268,731","549,004","265,554","279,576","488,684","295,021","181,267","457,696","250,877","189,617","13,591","392,242","133,131","253,872","342,260","75,238","195,171","69,945","292,053","104,936","173,248","8,046","294,375","178,816","102,308","10,049","266,880","114,232","58,386","72,306","16,418","263,858","126,644","123,693","7,960","243,667","100,105","134,661","4,304","221,408","122,733","93,072","189,539","161,005","26,271","93,891",0,"38,620","53,584","91,946","37,549","50,772","66,519","27,723","36,084","53,546","24,647","27,450","1,435",,,,,,,,,,,,,,,,,,,,,,,,,,,,,,,,,,,,,,,,,,,,,,,,
Connecticut,"1,824,280","1,080,680","715,291","1,644,920","897,572","673,215","48,676","1,558,993","905,109","634,899","1,646,793","997,773","629,428","1,578,769","857,488","693,826","1,459,525","816,015","561,094","64,452","1,392,614","735,740","483,109","139,523","1,616,332","682,318","578,313","348,771","1,443,394","676,584","750,241","1,466,900","569,597","890,877","1,406,285","541,732","677,210","171,807","1,381,526","647,895","719,261","1,384,277","555,498","810,763","1,256,232","621,561","556,721","76,650","1,218,578","826,269","390,996","1,222,883","657,055","565,813",15,"1,117,121","405,079","711,837",205,"1,096,911","481,649","611,012","883,518","423,297","437,754",0,"13,713","831,990","435,146","390,527","781,502","417,621","361,819","690,723","382,129","278,685","594,183","281,632","288,420","20,480","553,124","252,085","296,641","400,295","110,184","246,322","42,416","365,518","120,721","229,238","10,350","213,874","99,786","106,514","5,179","190,404","74,561","68,324","34,129","10,056","190,003","68,255","112,915","5,113","191,128","72,909","111,089","4,543","180,195","74,014","102,572","174,390","56,740","110,285","164,595","82,395","77,032",809,"153,978","74,920","74,584","137,257","67,182","65,898","132,798","64,411","67,071",868,"122,134","61,927","59,033","96,009","45,695","50,314","98,632","47,844","50,788","86,981","42,288","44,693","80,745","17,364","43,486","16,558","3,337","80,329","34,997","42,717","2,615","66,781","33,249","30,359","3,161","62,398","27,051","30,318","5,005","64,616","29,841","32,832","1,943","56,879","25,281","31,598","38,093","19,294","18,799",0,0,"32,833","11,269","18,155","3,409","19,378","4,448","13,829"
Delaware,"504,346","296,268","200,603","443,814","235,603","185,127","14,757","413,921","242,584","165,484","412,616","255,459","152,374","375,270","200,152","171,660","327,622","180,068","137,288","8,307","271,084","140,355","99,062","28,719","289,735","126,054","102,313","59,213","249,891","108,647","139,639","254,572","101,656","152,190","235,668","105,754","111,252","16,288","235,834","122,596","109,831","235,516","92,283","140,357","214,367","89,194","96,714","28,459","201,320","122,704","78,078","196,683","99,590","96,373",720,"177,988","79,421","98,057",510,"174,025","83,315","90,059","139,073","67,813","69,588",0,"1,050","125,361","68,166","56,747","136,374","74,599","61,440","127,603","69,702","57,236","112,901","54,319","57,073","1,376","105,891","36,643","68,860","90,885","33,445","52,441","4,979","94,875","39,911","52,858",988,"51,810","24,753","26,011",480,"48,694","22,631","15,998","8,886",556,"48,007","22,055","25,014",239,"43,856","19,347","23,705",146,"41,989","18,852","22,535","38,456","16,574","20,450","37,235","18,581","18,077",0,"29,764","16,414","12,950","29,984","16,957","12,953","29,458","15,181","14,148",129,"24,133","13,381","10,752","21,822","10,205","11,129","18,571","10,957","7,614","16,922","8,767","8,155","16,115","1,066","3,822","7,339","3,888","14,598","8,004",310,"6,275","12,673","6,318","6,293",62,"12,432","5,910","6,440",82,"12,247","5,970","6,271",0,"10,852","4,872","5,967","8,895","4,154","4,736",0,0,"8,386","4,110","4,276",0,,,
Florida,"11,091,758","5,297,045","5,668,731","9,502,747","4,504,975","4,617,886","207,043","8,492,175","4,237,756","4,163,447","8,412,248","4,282,367","4,046,219","7,609,810","3,583,544","3,964,522","5,963,110","2,912,253","2,912,790","97,488","5,303,794","2,546,870","2,244,536","483,870","5,314,392","2,072,698","2,173,310","1,053,067","4,302,313","1,656,701","2,618,885","4,180,051","1,448,816","2,730,350","3,687,026","1,419,475","2,046,951","189,692","3,150,631","1,636,000","1,469,531","2,583,283","718,117","1,857,759","2,187,805","676,794","886,804","624,207","1,854,481","948,540","905,941","1,544,176","748,700","795,476",0,"1,124,220","480,371","643,849",0,"989,337","444,950","544,036","577,643","281,988","194,280","89,755","11,620","482,592","339,377","143,215","485,492","359,334","126,158","327,432","249,117","78,248","276,252","206,307","69,170",775,"253,674","101,764","144,168","109,154","62,083","30,633","8,625","145,681","90,515","44,853","5,189","80,734","55,984","14,611","5,353","50,837","35,343","4,279","4,555","4,806","49,360","31,104","10,654","3,747","38,705","26,449","8,314","2,337","39,649","28,273","7,355","46,488","32,756","11,298","35,471","30,153",0,"4,843","66,500","39,557","26,529","59,990","31,769","28,031","51,618","27,964","23,654",0,"46,776","22,927","23,849","33,190","15,427","17,763",,,,,,,"13,301",223,0,"8,277","4,801","11,191","6,358",0,"4,833","7,193","4,318","2,875",0,"7,203","3,083","4,120",0,,,,,,,,,,,,,,,,,,,
Georgia,"4,997,716","2,473,633","2,461,854","4,146,825","1,877,963","2,089,104","125,306","3,908,369","1,773,827","2,078,688","3,932,158","1,844,123","2,048,759","3,304,481","1,366,149","1,914,254","2,596,804","1,116,230","1,419,720","13,432","2,299,071","1,053,849","1,080,843","146,337","2,321,133","1,008,966","995,252","309,657","1,809,672","714,792","1,081,331","1,776,093","706,628","1,068,722","1,597,467","890,733","654,168","36,055","1,467,458","979,409","483,743","1,174,772","289,529","881,496","1,250,266","334,440","380,111","535,550","1,139,336","522,557","616,584","733,349","458,638","274,472",239,"663,480","441,094","216,652","5,734","655,803","456,823","198,979","418,764","254,646","76,691","85,055","1,636","328,109","268,187","59,880","312,551","265,194","46,360","293,178","255,364","36,942","255,590","234,118","19,863",461,"229,158","129,602","99,368","166,577","123,200","30,300","12,691","148,716","107,162","41,089",465,"160,681","127,754","11,294",941,"121,470","93,087","5,191","21,985","1,058","132,504","72,350","41,355",584,"130,986","83,466","24,004",196,"121,410","81,180","34,260","162,480","93,885","59,395","223,126","129,446","48,408","41,939","142,936","100,493","40,499","143,610","94,667","48,603","157,451","102,981","54,470",0,"180,690","130,157","50,533","138,906","76,356","62,550","159,816","102,707","57,109",,,,"106,717","11,581",0,"52,176","42,960","99,020","56,581",0,"42,439","62,626","40,516","16,660",0,"92,317","44,785","47,532",0,"86,247","44,147","42,100",0,"72,322","31,983","40,339","47,259","22,778",0,"24,481",0,"20,750","20,750",0,0,"20,004","19,362",642
Hawaii,"574,469","366,130","196,864","428,937","266,891","128,847","15,954","434,697","306,658","121,015","453,568","325,871","120,566","429,013","231,708","194,191","367,951","205,286","137,845","21,623","360,120","205,012","113,943","27,358","372,842","179,310","136,822","53,003","354,461","192,364","158,625","335,846","147,154","185,050","303,287","135,879","130,112","32,021","291,301","147,375","140,003","270,274","101,409","168,865","236,218","141,324","91,425","3,469","207,271","163,249","44,022","184,705","92,410","92,295",0,,,,,,,,,,,,,,,,,,,,,,,,,,,,,,,,,,,,,,,,,,,,,,,,,,,,,,,,,,,,,,,,,,,,,,,,,,,,,,,,,,,,,,,,,,,,,,,,,,,,,,,,,,,,,,,,,,,,,,,,,
Idaho,"868,241","287,021","554,119","690,433","189,765","409,055","28,331","656,742","212,787","420,911","658,454","236,440","403,012","598,447","181,098","409,235","501,621","138,637","336,937","12,292","491,719","165,443","256,595","62,518","482,142","137,013","202,645","130,395","408,968","147,272","253,881","411,144","108,510","297,523","437,431","110,192","290,699","27,058","340,932","126,549","204,151","310,379","80,826","199,384","291,183","89,273","165,369","36,541","292,477","148,920","143,557","300,450","138,853","161,597",0,"272,989","105,868","166,979",142,"276,231","95,081","180,707","214,816","107,370","101,514",0,"4,972","208,321","107,399","100,137","235,168","127,842","106,553","199,617","125,683","66,256","186,625","109,479","71,417",526,"151,541","52,926","97,322","148,295","24,256","69,879","54,160","135,624","46,579","88,975",38,"134,615","70,054","55,368","8,066","105,754","33,921","32,810","25,527","11,960","97,293","36,162","52,621","6,400","72,578","18,480","47,783","4,949","57,914","29,414","27,198","29,621","23,135","6,314","19,407",0,"8,599","10,520",,,,,,,,,,,,,,,,,,,,,,,,,,,,,,,,,,,,,,,,,,,,,,,,,,,,,,,,,,
Illinois,"6,038,952","3,471,915","2,446,891","5,595,279","3,090,729","2,146,015","209,596","5,251,432","3,019,512","2,135,216","5,530,179","3,419,348","2,031,179","5,274,322","2,891,550","2,345,946","4,742,123","2,589,026","2,019,421","103,759","4,311,391","2,341,744","1,587,021","346,408","5,050,157","2,453,350","1,734,096","840,515","4,559,120","2,215,940","2,310,939","4,819,088","2,086,499","2,707,103","4,749,721","1,981,413","2,358,049","346,754","4,718,833","2,271,295","2,364,269","4,723,236","1,913,472","2,788,179","4,619,749","2,039,814","2,174,774","390,958","4,702,841","2,796,833","1,905,946","4,757,409","2,377,846","2,368,988","10,575","4,407,407","1,775,682","2,623,327","8,398","4,481,058","2,013,920","2,457,327","3,984,046","1,994,715","1,961,103",0,0,"4,036,061","2,079,479","1,939,314","4,217,935","2,149,934","2,047,240","3,956,522","2,282,999","1,570,393","3,407,926","1,882,304","1,432,756","67,258","3,107,489","1,313,817","1,769,141","2,470,067","576,975","1,453,321","432,027","2,094,714","534,395","1,420,480","74,747","2,192,707","950,229","1,152,549","61,394","1,146,173","405,048","253,593","386,478","81,278","1,155,254","450,810","629,932","34,711","1,076,499","327,606","632,645","69,225","1,131,897","503,061","597,985","1,090,869","465,613","607,130","873,647","426,281","399,288","22,207","747,813","348,351","370,475","672,670","312,351","337,469","622,305","277,321","318,036","26,358","554,227","258,611","278,232","429,971","184,884","241,936","449,420","199,116","250,304","348,236","158,724","189,512","339,666","160,215","172,171","2,331","4,914","239,334","105,528","96,275","37,531","154,974","80,378","64,733","9,863","124,596","55,952","52,853","15,702","109,057","58,795","45,854","3,469","93,175","47,441","45,574","33,589","18,369","15,220",0,0,"21,481","14,609","6,745",97,"14,222","9,560","4,662"
Indiana,"3,033,118","1,242,416","1,729,519","2,760,375","1,033,126","1,557,286","133,993","2,633,143","1,154,275","1,422,872","2,756,658","1,374,039","1,345,648","2,468,002","969,011","1,479,438","2,199,302","901,980","1,245,836","18,531","2,135,842","887,424","1,006,693","224,299","2,305,871","848,420","989,375","455,934","2,168,621","860,643","1,297,763","2,233,069","841,481","1,377,230","2,242,033","844,197","1,255,656","111,639","2,220,362","1,014,714","1,183,958","2,125,529","708,568","1,405,154","2,123,597","806,659","1,067,885","243,108","2,091,606","1,170,848","911,118","2,135,360","952,358","1,175,120","7,882","1,974,607","783,908","1,182,811","7,888","1,955,325","801,530","1,136,259","1,656,214","807,833","821,079",0,"9,649","1,672,091","781,403","875,891","1,782,747","874,063","899,466","1,650,897","934,974","691,570","1,576,927","862,054","677,184","21,388","1,421,314","562,691","848,290","1,272,390","492,245","703,042","71,700","1,262,964","511,364","696,370","24,703","718,848","334,063","341,005","21,855","654,474","281,890","151,267","162,007","36,931","721,126","338,262","348,993","13,476","682,185","274,345","368,289","12,013","664,094","309,584","336,063","637,119","305,573","323,754","553,613","262,740","255,615","22,208","536,949","261,013","263,361","495,332","245,005","238,489","470,672","225,522","232,164","12,986","438,911","213,526","208,011","351,196","163,632","186,147","343,532","166,980","176,552","280,655","130,233","150,422","272,143","115,509","139,033","12,295","5,306","235,431","118,670","94,375","22,386","183,170","95,340","80,901","6,929","152,752","74,745","69,907","8,100","140,154","70,181","67,867","2,106","116,906","51,604","65,302","73,759","32,478","41,281",0,0,"47,023","31,551","15,472",0,"39,309","22,257","17,052"
Iowa,"1,690,871","759,061","897,672","1,566,031","653,669","800,983","59,186","1,582,180","822,544","730,617","1,537,123","828,940","682,379","1,506,908","741,898","751,957","1,315,563","638,517","634,373","29,374","1,234,075","620,258","492,644","105,159","1,354,607","586,353","504,891","253,468","1,225,614","670,557","545,355","1,319,805","605,620","703,088","1,317,661","508,672","676,026","115,633","1,279,306","619,931","632,863","1,225,944","496,206","706,207","1,167,931","476,699","619,106","66,422","1,184,539","733,030","449,148","1,273,810","550,565","722,381",864,"1,234,564","501,858","729,187","3,519","1,268,773","451,513","808,906","1,038,272","522,380","494,018",0,"12,125","1,052,599","499,876","547,267","1,215,430","578,800","632,370","1,142,733","621,756","487,977","1,036,687","598,019","414,433","20,467","1,009,489","379,311","623,570","976,770","160,382","537,458","274,448","895,082","227,921","634,674","16,981","516,944","221,699","280,439","10,976","492,356","185,325","119,805","161,819","16,967","494,769","200,771","275,209","8,287","486,093","149,276","308,158","14,849","530,355","209,265","307,808","521,547","223,741","289,293","443,159","196,367","219,795","20,595","404,135","179,877","211,603","377,201","177,316","197,089","322,668","105,845","183,904","32,327","292,878","112,121","171,326","216,365","71,189","131,566","194,439","74,040","120,399","138,025","49,525","88,500","128,739","55,639","70,302","1,035","1,763","92,310","37,568","45,073","9,669","35,364","17,763","15,856","1,606","22,271","11,238","9,930","1,103",,,,,,,,,,,,,,,,,,,
Kansas,"1,372,303","570,323","771,406","1,197,570","427,005","671,018","55,406","1,156,254","439,908","689,809","1,238,873","514,765","699,655","1,187,756","434,993","736,456","1,072,216","399,276","622,332","36,086","1,074,300","387,659","583,245","92,639","1,157,236","390,434","449,951","312,358","993,044","422,636","554,049","1,021,991","333,149","677,296","979,795","326,150","566,812","68,231","957,845","430,421","502,752","916,095","270,287","619,812","872,783","302,996","478,674","88,921","857,901","464,028","386,579","928,825","363,213","561,474","4,138","866,243","296,317","566,878","3,048","896,166","273,296","616,302","788,819","351,902","423,039",0,"4,603","733,776","287,458","442,096","860,297","364,725","489,169","865,514","464,520","397,727","791,978","424,204","349,498","18,276","713,200","193,003","513,672","662,454","156,319","407,671","98,461","570,318","185,464","369,268","15,511","629,813","314,588","277,658","24,685","365,560","143,663","74,845","120,210","26,779","375,946","161,209","197,216","12,420","328,561","86,174","212,955","15,869","353,766","162,601","185,955","334,547","171,675","159,345","324,905",0,"157,241","163,111","331,149","102,745","182,904","265,848","90,132","154,406","201,236","59,801","121,549","19,851","124,134","37,902","78,324","100,512","32,970","66,805","43,630","13,600","30,027","21,580","3,836","17,089",,,,,,,,,,,,,,,,,,,,,,,,,,,,,,,,,,,,
Kentucky,"2,136,768","772,474","1,326,646","1,924,150","628,854","1,202,971","53,752","1,798,048","679,370","1,087,190","1,827,587","751,985","1,048,462","1,796,079","712,733","1,069,439","1,544,187","638,898","872,492","23,192","1,388,708","636,614","623,283","120,396","1,492,900","665,104","617,178","203,944","1,322,517","580,368","734,281","1,370,461","539,589","822,782","1,294,627","616,417","635,274","31,127","1,167,142","615,717","531,852","1,067,499","371,159","676,446","1,055,893","397,541","462,411","193,098","1,046,105","669,659","372,977","1,124,462","521,855","602,607",0,"1,053,805","476,453","572,192","5,160","993,148","495,729","495,029","822,658","466,756","341,210","10,411","1,567","867,921","472,589","392,448","970,163","557,322","410,384","926,206","541,944","369,702","983,063","580,574","394,716","3,853","941,274","381,070","558,734","815,332","374,855","398,966","38,465","918,636","456,497","452,480","6,409","520,075","269,990","241,854","4,734","452,714","219,484","115,510","101,766","11,646","490,719","244,092","235,711","4,093","435,946","217,170","205,457","3,599","468,265","235,126","227,132","445,928","217,894","218,171","340,864","175,461","135,462","23,500","344,868","183,830","155,138","276,481","152,961","118,690","267,104","148,875","106,490","11,506","260,626","160,060","97,568","191,135","99,995","88,766","155,455","115,889","39,566","92,088","64,301","27,787","146,216","25,651","1,364","53,143","66,058","142,058","74,642",0,"67,416","111,643","53,949","57,428",266,"116,865","49,720","67,145",0,"113,237","51,988","61,249",0,"91,104","32,616","58,488","70,090","33,229","36,861",0,0,"79,741","36,292","43,449",0,"70,776","39,308","31,468"
Louisiana,"2,148,062","856,034","1,255,776","2,029,032","780,154","1,178,638","37,978","1,994,065","809,141","1,152,262","1,960,761","782,989","1,148,275","1,943,106","820,299","1,102,169","1,765,656","792,344","927,871","20,473","1,783,959","927,837","712,586","123,293","1,790,017","815,971","733,386","211,478","1,628,202","717,460","883,702","1,706,822","651,586","1,037,299","1,548,591","708,453","792,853","26,345","1,278,439","661,365","587,446","1,051,491","298,142","686,852","1,097,450","309,615","257,535","530,300","896,293","387,068","509,225","807,891","407,339","230,980","169,572","617,544","243,977","329,047","44,520","651,952","345,027","306,925","416,336","136,344","72,657","204,290","3,035","349,383","281,564","67,750","372,305","319,751","52,446","329,778","292,894","36,791","268,804","249,418","18,853",0,"215,833","164,655","51,160","121,951","93,218","24,670",0,"126,396","87,519","38,538",0,"92,982","79,875","6,466",292,"79,248","60,871","3,833","9,283","5,261","75,117","63,568","8,958","2,514","53,908","47,708","5,205",995,"67,906","53,668","14,234","101,046","77,175","22,037","114,889","87,926","26,963",0,"115,891","85,032","30,660","109,399","62,594","46,347","104,462","65,047","38,978",437,"145,823","70,508","75,315","128,692","57,029","71,663","113,488","80,225","33,263",,,,"50,510","7,625",0,"22,681","20,204","42,873","22,164",0,"20,709","35,902","18,647","17,255",0,"33,866","15,379","18,487",0,"26,865","13,782","13,083",0,"18,912","7,616","11,296","7,425","3,842",0,"3,583",0,"6,337","3,908","2,429",0,"8,687","4,605","4,082"
Maine,"819,461","435,072","360,737","747,927","357,735","335,593","38,105","713,180","401,306","292,276","731,163","421,923","295,273","740,752","396,842","330,201","651,817","319,951","286,616","37,127","605,897","312,788","186,378","85,970","679,499","263,420","206,504","206,820","555,035","243,569","307,131","553,144","214,515","336,500","523,011","220,974","238,522","53,327","483,208","232,279","236,320","417,271","160,584","256,458","392,936","217,312","169,254","6,370","381,221","262,264","118,701","421,773","181,159","240,608",6,"351,706","102,468","249,238",0,"351,786","118,806","232,353","264,789","111,916","150,234",0,"1,884","296,400","140,631","155,434","320,840","156,478","163,951","304,240","126,333","168,823","298,444","128,907","166,631","2,489","262,171","81,179","179,923","192,192","41,964","138,440","11,382","197,840","58,961","136,355","2,214","136,314","64,033","69,508","2,177","129,640","51,113","26,545","48,495","2,541","106,336","35,403","66,987","1,758","97,023","27,642","65,432","2,102","105,693","36,822","65,412","118,419","34,587","80,403","116,451","48,049","62,936","2,396","128,253","50,472","73,730","130,491","52,153","72,217","143,903","65,211","74,052","4,409","117,045","49,917","66,300","90,523","29,097","61,426","112,962","42,460","70,502","114,797","46,992","67,805","100,918","29,693","62,811","6,368","2,046","109,689","39,140","67,279","3,270","82,182","41,609","32,543","8,030","87,625","40,195","35,273","12,157","84,933","45,719","34,378","4,836","92,802","46,190","46,612","38,740","22,825","14,803",0,0,"62,153","33,978","27,331",844,"34,789","13,927","20,773"
Maryland,"3,037,030","1,985,023","976,414","2,781,446","1,677,928","943,169","79,605","2,707,327","1,677,844","971,869","2,631,596","1,629,467","959,862","2,386,678","1,334,493","1,024,703","2,025,480","1,145,782","813,797","53,768","1,780,870","966,207","681,530","115,812","1,985,046","988,571","707,094","281,414","1,714,358","826,304","876,167","1,675,873","787,935","879,918","1,540,496","726,161","680,606","119,537","1,432,273","759,612","672,661","1,353,812","505,781","829,305","1,235,039","538,310","517,995","178,734","1,116,457","730,912","385,495","1,055,349","565,808","489,538",3,"932,351","372,613","559,738",0,"902,074","395,337","499,424","596,735","286,521","294,814","2,476","9,983","608,439","315,490","292,949","660,117","384,546","269,534","624,896","389,612","231,435","511,054","314,314","184,184","10,489","528,348","223,626","301,479","358,630","148,072","162,414","47,157","428,443","180,626","236,117","8,876","262,039","138,359","117,347","2,674","231,981","112,674","54,956","57,789","3,996","238,531","115,908","116,513","2,323","224,229","109,446","109,497","2,247","264,434","122,238","136,185","250,249","104,150","136,959","213,275","113,866","92,736",796,"210,941","106,188","99,986","186,019","96,866","85,748","172,221","93,706","78,515",0,"163,759","91,779","71,980","134,447","67,687","66,760","92,795","62,357","30,438","72,892","32,739","40,153","92,502","5,966","2,294","42,482","41,760","86,860","39,123",285,"47,452","75,120","40,022","35,077",21,"72,359","34,528","37,702",129,"68,690","32,706","35,984",0,"62,280","28,752","33,528","48,119","22,267","25,852",0,0,"38,316","19,156","19,160",0,"45,796","22,782","23,014"
Massachusetts,"3,631,402","2,382,202","1,167,202","3,325,046","1,995,196","1,090,893","138,018","3,167,767","1,921,761","1,188,460","3,081,069","1,904,098","1,108,854","2,912,388","1,803,800","1,071,109","2,702,984","1,616,487","878,502","173,564","2,556,785","1,571,763","718,107","227,217","2,773,574","1,318,662","805,049","632,312","2,632,805","1,401,406","1,194,644","2,559,453","1,239,606","1,310,936","2,524,298","1,053,802","1,057,631","382,539","2,547,558","1,429,475","1,030,276","2,458,756","1,332,540","1,112,078","2,331,752","1,469,218","766,844","87,088","2,344,798","1,786,422","549,727","2,469,480","1,487,174","976,750","5,556","2,348,506","948,190","1,393,197","7,119","2,383,398","1,083,525","1,292,325","2,107,146","1,151,788","909,370",0,"38,157","1,960,665","1,035,296","921,350","2,026,993","1,076,522","939,700","1,840,357","942,716","768,613","1,580,114","800,148","736,959","34,305","1,577,823","792,758","775,566","1,129,837","280,831","703,476","141,225","993,718","276,691","681,153","32,267","531,832","247,894","268,784","11,058","488,057","173,408","155,948","142,228","12,616","456,919","155,543","265,966","10,779","445,109","165,746","257,822","13,604","414,804","156,997","238,866","401,568","105,711","278,976","391,028","176,813","202,814","3,210","344,243","151,590","183,892","303,383","122,352","146,724","282,265","111,720","165,198","4,548","259,620","108,777","150,064","192,864","59,195","133,455","195,508","59,103","136,379","175,490","48,745","126,742","169,876","34,370","106,684","6,163","22,331","170,048","39,244","108,172","19,626","127,103","44,569","52,683","28,023","134,748","35,281","61,072","38,333","132,037","53,039","67,062","10,830","126,825","52,355","72,852","74,732","33,486",0,0,"41,201","67,619","13,933","31,963","14,692","39,074","6,012","29,836"
Michigan,"5,547,053","2,804,040","2,649,852","4,824,542","2,268,839","2,279,543","172,136","4,745,316","2,564,569","2,115,256","5,010,606","2,872,579","2,048,639","4,839,252","2,479,183","2,313,746","4,232,711","2,170,418","1,953,139","84,165","3,848,844","1,989,653","1,481,212","336,670","4,274,673","1,871,182","1,554,940","824,813","3,669,163","1,675,783","1,965,486","3,801,658","1,529,638","2,251,571","3,909,725","1,661,532","1,915,225","275,223","3,653,749","1,696,714","1,893,742","3,490,325","1,459,435","1,961,721","3,306,250","1,593,082","1,370,665","331,968","3,203,102","2,136,615","1,060,152","3,318,097","1,687,269","1,620,428","10,400","3,080,468","1,359,898","1,713,647","6,923","2,798,592","1,230,657","1,551,529","2,109,609","1,003,448","1,038,595",0,"46,515","2,205,223","1,106,899","1,084,423","2,085,929","1,032,991","1,039,917","1,805,098","1,016,794","699,733","1,664,765","871,700","739,894","39,205","1,372,082","396,762","965,396","1,160,419","152,359","874,631","122,014","1,048,411","233,450","762,865","28,947","650,973","286,775","339,097","16,120","550,976","150,751","152,244","214,584","23,211","541,830","175,771","335,580","11,586","525,027","135,392","364,957","9,042","544,379","211,685","316,269","545,585","237,166","293,336","466,045","201,624","222,708","19,931","475,356","213,469","236,387","401,186","189,361","192,669","353,079","131,597","185,335","34,895","318,450","141,685","166,901","221,455","78,551","138,758","225,620","97,060","128,560","147,662","68,513","79,149","154,549","64,889","88,450",805,405,"125,561","52,139","71,762","1,660","82,939","41,842","33,860","7,237","65,082","30,742","23,947","10,393","55,751","27,737","24,375","3,639","44,350","21,096","22,933","12,667","7,122","5,545",0,0,,,,,,,
Minnesota,"3,277,171","1,717,077","1,484,065","2,945,233","1,367,825","1,323,232","112,984","2,936,561","1,546,167","1,320,225","2,910,369","1,573,354","1,275,409","2,828,387","1,445,014","1,346,695","2,438,685","1,168,266","1,109,659","126,696","2,192,640","1,120,438","766,476","257,704","2,347,948","1,020,997","747,841","562,506","2,096,790","1,109,471","962,337","2,084,449","1,036,364","1,032,603","2,051,953","954,174","873,241","174,990","1,949,931","1,070,440","819,395","1,741,652","802,346","898,269","1,588,510","857,738","658,643","68,931","1,554,462","991,117","559,624","1,541,887","779,933","757,915","4,039","1,340,005","617,525","719,302","3,178","1,379,483","608,458","763,211","1,212,226","692,966","483,617",0,"27,866","1,125,529","589,864","527,416","1,251,188","644,196","596,274","1,129,975","698,811","350,461","1,002,843","600,806","363,959","25,476","970,976","396,451","560,977","822,146","55,913","420,759","339,192","735,838","142,994","519,421","56,106","387,364","179,152","179,544","20,117","334,219","106,426","64,334","125,856","27,505","331,304","109,401","195,843","14,527","292,860","55,187","216,651","11,692","316,311","112,901","190,461","341,762","139,735","193,503","267,238","100,920","122,823","29,313","263,285","104,385","142,492","190,017","70,065","111,685","150,770","53,315","93,902","3,267","124,075","48,587","72,955","90,919","35,211","55,708","71,818","28,096","43,722","42,422","17,367","25,055","34,737","11,920","22,069",748,0,,,,,,,,,,,,,,,,,,,,,,,,,,,,,,,
Mississippi,"1,313,686","539,384","756,706","1,211,088","485,131","700,714","14,435","1,285,584","562,949","710,746","1,289,939","554,662","724,597","1,152,365","458,094","684,981","994,926","404,964","573,230","8,126","893,857","394,022","439,838","52,222","981,793","400,258","487,793","85,626","931,527","363,921","557,890","940,192","352,192","581,477","892,620","429,281","441,089","12,036","769,360","381,309","366,846","645,963","126,782","505,125","654,509","150,644","88,516","415,349","409,146","52,618","356,528","298,171","108,362","73,561","116,248","248,149","144,498","60,685","42,966","285,532","172,566","112,966","192,190","19,384","5,043","167,538",225,"180,080","168,479","11,601","175,824","168,267","7,364","162,142","157,333","4,467","146,034","140,168","5,180",686,"151,692","124,539","27,153","112,462","100,474","8,494","3,494","82,492","69,277","11,576","1,639","86,679","80,422","4,253","1,484","64,483","57,324","1,560","3,549","2,050","66,904","60,287","4,363",978,"58,721","53,480","3,280",462,"59,055","51,706","5,707","69,591","63,355","4,819","52,519","40,030","1,398","10,118","115,786","85,451","30,095","120,688","77,653","43,035","117,068","75,750","34,844","5,797","164,776","112,173","52,603","129,457","47,282","82,175",,,,,,,"69,095","3,282",0,"40,768","25,045","59,647","35,456",0,"24,191","44,454","26,896","17,558",0,"52,456","26,545","25,911",0,"45,004","25,846","19,158",0,"36,525","17,010","19,515","20,079","10,297",0,"9,782",0,"5,750","5,750",0,0,"8,344","6,763","1,581"
Missouri,"3,025,962","1,253,014","1,718,736","2,828,266","1,071,068","1,594,511","97,359","2,763,689","1,223,796","1,482,440","2,929,111","1,441,911","1,445,814","2,731,364","1,259,171","1,455,713","2,359,892","1,111,138","1,189,924","38,515","2,158,065","1,025,935","890,016","217,188","2,391,565","1,053,873","811,159","518,741","2,093,228","1,001,619","1,084,953","2,122,771","848,583","1,274,188","2,099,824","931,182","1,074,181","77,920","1,953,600","998,387","927,443","1,852,589","698,531","1,154,058","1,809,502","791,444","811,932","206,126","1,817,879","1,164,344","653,535","1,934,422","972,201","962,221",0,"1,832,562","918,273","914,289",0,"1,892,062","929,830","959,429","1,578,628","917,315","655,039",42,"3,998","1,572,474","807,804","761,524","1,833,729","958,476","871,009","1,828,635","1,111,043","697,891","1,609,894","1,025,406","564,713","16,374","1,500,721","662,562","834,080","1,307,958","572,753","648,486","84,160","1,332,800","574,799","727,162","20,242","786,769","398,032","369,339","14,612","698,566","330,746","207,821","124,375","28,466","715,927","346,574","347,203","15,431","643,861","296,312","321,449","13,009","683,656","351,922","314,092","673,906","363,667","304,940","541,583","268,400","227,646","41,204","521,360","261,943","236,252","441,268","236,023","203,081","397,289","208,600","153,647","35,042","350,610","202,086","145,027","273,059","151,434","119,196","152,488","65,628","86,860","104,346","31,596","72,750","165,563","58,801","17,028","31,362","58,372","106,486","57,964",0,"48,522","68,801","38,817","29,984",0,"72,748","40,077","32,671",0,"72,522","41,322","31,200",0,"52,923","29,969","22,954","18,332","10,995",0,"7,337",0,"5,192","5,192",0,0,"11,654","8,232","3,422"
Montana,"603,674","244,786","343,602","501,822","177,709","279,240","28,037","484,484","201,839","267,928","492,750","232,159","243,882","450,445","173,710","266,063","410,997","137,126","240,178","24,437","407,261","167,922","179,652","55,229","410,611","154,507","144,207","107,225","365,674","168,936","190,412","384,377","146,742","232,450","363,952","118,032","206,814","29,281","328,734","149,259","173,703","317,603","120,197","183,976","274,404","114,117","138,835","20,015","278,628","164,246","113,032","277,579","134,891","141,841",847,"271,171","116,238","154,933",0,"265,037","106,213","157,394","224,278","119,071","96,770",0,"7,313","207,355","112,556","93,163","247,873","145,698","99,579","230,512","159,690","63,598","216,479","127,286","78,078","7,891","194,108","78,578","113,300","174,423","33,805","74,138","66,123","179,006","57,372","109,430",0,"177,679","101,063","66,750","9,564","79,826","27,941","18,512","22,456","10,885","68,822","29,326","32,333","5,855","64,444","21,773","34,932","5,676","63,856","37,311","25,409","53,330","42,628","10,509","44,461","17,690","18,871","7,338",,,,,,,,,,,,,,,,,,,,,,,,,,,,,,,,,,,,,,,,,,,,,,,,,,,,,,,,,,
Nebraska,"956,383","374,583","556,846","844,232","284,494","495,961","38,946","794,379","302,081","475,064","801,281","333,319","452,979","778,186","254,328","512,814","697,019","231,780","433,862","24,540","677,415","236,761","363,467","71,278","739,283","217,344","344,346","174,687","662,372","259,646","398,447","652,090","187,866","460,054","640,854","166,851","419,937","44,993","607,668","233,692","359,705","576,289","169,991","406,298","536,851","170,784","321,163","44,904","584,154","307,307","276,847","613,095","232,542","380,553",0,"577,137","199,029","378,108",0,"609,660","188,057","421,603","488,940","224,165","264,774",0,0,"563,126","233,246","329,880","615,878","263,677","352,201","608,023","347,445","247,731","570,137","359,082","201,177","9,876","547,144","197,959","345,745","464,173","137,289","218,585","106,701","382,743","119,608","247,498","9,600","287,315","158,827","117,771","7,141","249,483","109,008","54,226","72,681","10,185","266,799","131,099","126,997","3,524","225,732","52,921","138,558","7,412","241,430","114,013","121,835","223,182","115,007","103,064","200,192","24,943","87,213","83,134","202,632","80,552","108,425","134,202","54,391","76,912","87,452","28,523","54,979","3,950","49,328","17,413","31,915","25,932","7,603","18,329","15,291","5,519","9,772",,,,,,,,,,,,,,,,,,,,,,,,,,,,,,,,,,,,,,,
Nevada,"1,405,376","703,486","669,890","1,125,385","539,260","512,058","37,384","1,014,918","531,373","463,567","967,848","533,736","412,827","829,587","397,190","418,690","608,970","279,978","301,575","15,008","464,279","203,974","199,244","43,986","506,318","189,148","175,828","132,580","350,067","132,738","206,040","286,667","91,655","188,770","247,885","66,666","155,017","17,651","201,876","92,479","101,273","181,766","66,016","115,750","154,218","60,598","73,188","20,432","135,433","79,339","56,094","107,267","54,880","52,387",0,"96,689","40,640","56,049",0,"82,190","31,688","50,502","62,117","31,291","29,357",0,"1,469","54,234","29,623","24,611","53,174","31,945","21,229","43,848","31,925","11,923","41,430","28,756","12,674",0,"32,417","14,090","18,327","26,921","5,909","11,243","9,769","27,194","9,851","15,479","1,864","33,316","17,776","12,127","3,065","20,115","7,986","3,196","5,620","3,313","24,526","11,212","10,775","2,103","12,115","3,982","6,864",925,"10,196","6,347","3,849","10,314","8,376","1,938","10,878",714,"2,811","7,264","12,278","5,149","7,088","12,797","5,578","7,193","18,345","9,613","8,732",0,"19,691","9,308","10,383","14,649","6,236","8,413","11,698","5,218","6,480","16,420","6,594","9,826",,,,,,,,,,,,,,,,,,,,,,,,,,,,,,,,,,,,
New Hampshire,"806,182","424,921","365,654","744,296","348,526","345,790","30,777","710,972","369,561","329,918","710,970","384,826","316,534","677,738","340,511","331,237","569,081","266,348","273,559","22,198","499,175","246,214","196,532","48,390","537,945","209,040","202,484","121,337","450,525","163,696","281,537","388,954","120,395","267,051","383,999","108,864","221,705","49,693","339,618","147,635","185,935","334,059","116,435","213,724","297,299","130,589","154,903","11,173","288,093","184,064","104,029","295,761","137,772","157,989",0,"266,994","90,364","176,519",111,"272,950","106,663","166,287","231,440","107,995","121,299",7,"1,970","229,627","119,663","109,916","235,419","125,292","110,127","218,114","108,460","104,642","205,520","100,680","103,629",947,"196,757","80,715","115,404","164,769","57,201","98,575","8,993","159,092","62,662","95,196","1,234","89,127","43,781","43,725","1,318","87,961","34,724","32,927","17,794","1,981","89,600","33,655","53,149","1,299","90,161","34,074","54,163","1,090","92,364","35,489","54,799","83,670","21,650","57,444","89,329","42,081","45,658",293,"90,835","43,456","45,728","84,586","39,198","43,254","86,361","40,797","44,856",528,"80,141","38,510","41,540","68,906","31,425","37,168","68,304","30,575","37,718","69,630","33,034","36,596","65,943","25,887","37,519","2,125",412,"69,774","31,891","37,473",410,"50,535","28,503","15,486","6,546","50,104","27,763","14,781","7,560","49,187","27,160","17,866","4,161","59,956","32,774","26,310","24,925","18,697","6,228",0,0,"43,793","24,855","18,938",0,"44,035","20,212","23,823"
New Jersey,"4,564,216","2,608,335","1,883,274","3,906,723","2,148,278","1,601,933","72,477","3,651,140","2,126,610","1,478,749","3,877,407","2,215,422","1,613,207","3,612,137","1,911,430","1,670,003","3,187,226","1,788,850","1,284,173","94,554","3,075,807","1,652,329","1,103,078","262,134","3,343,594","1,436,206","1,356,865","521,829","3,099,553","1,320,352","1,743,192","3,217,862","1,261,323","1,933,630","2,975,684","1,147,364","1,546,557","234,632","3,014,472","1,444,653","1,509,688","2,997,229","1,102,211","1,845,502","2,875,395","1,264,206","1,325,467","262,187","2,846,770","1,867,671","963,843","2,773,111","1,385,415","1,363,324","24,372","2,484,312","850,337","1,606,942","27,033","2,419,554","1,015,902","1,374,613","1,949,555","895,455","981,124",0,"42,683","1,963,761","987,874","961,335","1,972,552","1,016,808","945,475","1,820,437","1,083,850","720,322","1,630,063","806,630","775,684","42,998","1,549,381","616,517","926,050","1,086,079","297,743","675,162","108,901","903,943","256,887","611,541","27,141","494,442","211,018","268,982","10,405","432,739","178,289","88,835","145,410","15,948","467,111","182,522","265,298","10,249","432,547","164,566","245,164","9,587","401,050","164,808","221,707","371,211","133,695","221,535","337,623","171,066","156,101",985,"303,801","151,508","144,360","260,921","127,798","123,440","245,928","122,565","120,555","2,617","220,193","115,962","103,517","168,112","76,456","91,656","163,132","83,001","80,131","128,747","68,024","60,723","121,215","62,869","58,346",0,0,"99,396","46,943","28,338","24,115","83,220","44,305","38,556",359,"77,735","36,901","40,015",819,"75,944","37,495","38,318",131,"64,454","31,034","33,351","51,729","25,592","26,137",0,0,"47,760","23,826","23,466",468,"45,570","21,809","23,753"
New Mexico,"923,965","501,614","401,894","798,319","385,234","319,667","74,541","783,757","415,335","335,788","830,158","472,422","346,832","756,304","370,942","376,930","598,605","286,783","286,417","21,251","556,074","273,495","232,751","32,257","569,986","261,617","212,824","91,895","521,287","244,497","270,341","514,370","201,769","307,101","456,237","167,826","250,779","29,459","416,590","201,148","211,419","385,931","141,084","235,606","327,281","130,081","169,692","25,737","327,615","194,017","131,838","311,107","156,027","153,733","1,347","253,926","106,098","146,788","1,040","238,608","105,661","132,170","187,063","105,464","80,303",0,"1,037","152,225","81,389","70,688","183,258","103,699","79,315","169,136","106,037","61,727","151,606","95,089","54,217","1,776","118,014","48,211","69,645","112,830","48,542","54,745","9,543","105,406","46,668","57,634",0,"66,787","33,527","31,152","1,996","49,376","20,437","17,733","8,347","2,859",,,,,,,,,,,,,,,,,,,,,,,,,,,,,,,,,,,,,,,,,,,,,,,,,,,,,,,,,,,,,,,,,,,,,,,,,,,,
New York,"8,612,754","5,244,886","3,251,997","7,721,795","4,556,142","2,819,557","176,600","7,081,536","4,485,877","2,490,496","7,640,948","4,804,945","2,752,771","7,391,954","4,314,280","2,962,567","6,831,178","4,113,791","2,405,676","244,398","6,316,129","3,756,177","1,933,492","503,458","6,926,925","3,444,450","2,346,649","1,090,721","6,485,683","3,347,882","3,081,871","6,806,810","3,119,609","3,664,763","6,201,959","2,728,372","2,893,831","467,801","6,534,420","3,389,558","3,100,791","7,161,830","2,951,084","4,192,778","6,790,066","3,378,470","3,007,932","358,864","7,166,015","4,913,156","2,243,559","7,291,079","3,830,085","3,446,419","14,575","7,093,336","2,750,769","4,340,340","2,227","7,128,241","3,104,601","3,952,815","6,178,502","2,780,204","2,841,163",16,"509,559","6,316,817","3,304,238","2,987,647","6,313,897","3,251,918","3,027,478","5,596,398","3,293,222","2,180,670","4,688,614","2,534,959","1,937,963","177,397","4,405,626","2,089,863","2,193,344","3,263,939","950,796","1,820,058","474,913","2,898,513","781,238","1,871,167","203,201","1,706,305","759,426","879,238","45,944","1,588,315","655,573","455,487","390,093","63,434","1,638,350","667,468","870,070","38,451","1,617,770","683,981","859,533","36,883","1,548,042","678,462","822,013","1,423,876","551,369","819,838","1,336,793","654,868","609,350","16,429","1,319,748","635,965","650,338","1,167,169","563,154","562,005","1,103,945","534,511","555,544","12,373","1,015,503","521,949","489,207","828,020","387,282","440,738","849,771","429,883","419,888","730,721","361,986","368,735","675,156","312,510","362,646",0,0,"596,486","195,878","276,004","124,604","522,294","262,083","234,882","25,329","455,944","114,319","218,583","120,497","485,882","237,588","232,482","15,812","441,543","212,733","226,001","305,343","166,795","138,548",0,0,"323,393","168,497","154,896",0,"270,975","139,412","131,563"
North Carolina,"5,524,802","2,684,292","2,758,773","4,741,564","2,189,316","2,362,631","130,126","4,505,372","2,178,391","2,270,395","4,310,789","2,142,651","2,128,474","3,501,007","1,525,849","1,961,166","2,911,262","1,257,692","1,631,163",0,"2,515,807","1,107,849","1,225,938","168,059","2,611,850","1,114,042","1,134,661","357,864","2,134,370","890,167","1,237,258","2,175,361","824,287","1,346,481","1,855,833","875,635","915,018","52,800","1,677,906","927,365","741,960","1,518,612","438,705","1,054,889","1,587,493","464,113","627,192","496,188","1,424,983","800,139","624,844","1,368,556","713,136","655,420",0,"1,165,592","590,530","575,062",0,"1,210,910","652,803","558,107","791,209","459,070","258,572","69,652","3,915","790,554","527,399","263,155","822,648","609,015","213,633","839,464","616,141","223,283","711,501","497,566","208,344","5,591","635,150","286,227","348,923","482,687","284,270","191,753","6,651","538,758","305,447","232,848",446,"289,835","168,383","120,890",509,"243,918","144,507","29,139","69,130","1,025","252,554","136,928","114,887",372,"207,818","124,091","82,442",124,"292,518","157,733","132,997","331,337","174,408","155,122","280,270","132,951","100,346","44,336","285,563","147,902","134,784","268,356","142,905","125,021","240,946","124,204","115,616","1,126","233,911","125,427","108,484","165,163","70,130","94,772","181,498","84,559","96,939",,,,"96,712","2,737",0,"48,846","45,129","84,963","48,243",0,"36,720","78,891","39,788","39,043",0,"79,852","35,772","44,054",0,"82,521","39,287","43,232",0,"80,735","34,168","46,567","50,153","26,631",0,"23,521",0,"29,799","25,261","4,538",0,"51,747","37,814","13,918"
North Dakota,"361,819","114,902","235,595","344,360","93,758","216,794","21,434","322,627","124,827","188,163","317,738","141,403","168,887","312,833","111,052","196,651","288,267","95,284","174,852","9,497","266,411","106,905","125,050","32,515","308,133","99,168","136,244","71,084","297,261","127,739","166,559","308,971","104,429","200,336","301,545","79,189","193,695","23,640","297,094","136,078","153,470","280,514","100,384","174,109","247,882","94,769","138,669","14,244","258,389","149,784","108,207","278,431","123,963","154,310",158,"253,991","96,742","156,766",483,"270,127","76,694","191,712","220,716","95,812","115,139",374,"8,391","220,171","100,144","118,535","280,775","124,036","154,590","273,716","163,148","72,751","256,290","178,350","71,772","3,521","239,867","106,648","131,441","199,081","13,858","94,931","89,922","205,776","37,422","160,072","8,282","115,390","55,206","53,471","5,716","86,580","29,555","23,090","25,726","6,966","94,525","32,885","57,680","2,421","70,014","14,273","52,595","2,009","84,216","33,385","46,526","47,391","20,686","26,335","36,118",0,"17,519","17,700",,,,,,,,,,,,,,,,,,,,,,,,,,,,,,,,,,,,,,,,,,,,,,,,,,,,,,,,,,
Ohio,"5,932,398","2,679,165","3,154,834","5,536,547","2,394,169","2,841,006","174,498","5,590,934","2,827,709","2,661,437","5,721,831","2,940,044","2,677,820","5,627,908","2,741,167","2,859,768","4,705,457","2,186,190","2,351,209","117,857","4,534,434","2,148,222","1,859,883","483,207","4,939,964","1,984,942","1,894,310","1,036,426","4,393,699","1,939,629","2,416,549","4,547,619","1,825,440","2,678,560","4,283,603","1,752,414","2,206,545","254,472","4,111,873","2,011,621","2,000,505","4,094,787","1,558,889","2,441,827","3,959,698","1,700,586","1,791,014","467,495","3,969,196","2,498,331","1,470,865","4,161,859","1,944,248","2,217,611",0,"3,702,265","1,439,655","2,262,610",0,"3,700,758","1,600,367","2,100,391","2,936,071","1,452,791","1,445,684",0,"37,596","3,153,056","1,570,763","1,582,293","3,319,912","1,733,139","1,586,773","3,012,589","1,747,140","1,127,855","2,609,728","1,301,695","1,227,319","64,094","2,508,346","864,210","1,627,546","2,016,237","477,888","1,176,130","357,948","2,021,653","780,037","1,182,022","57,147","1,165,086","604,161","514,753","38,092","1,037,094","424,834","278,168","229,807","90,144","1,121,552","502,721","572,312","33,795","1,004,393","344,674","600,095","36,260","1,040,073","474,882","543,918","1,014,295","477,497","525,991","850,164","404,115","405,187","14,850","840,361","396,455","416,054","784,610","368,280","400,082","724,967","340,821","375,048","6,456","658,649","323,182","330,698","529,436","244,321","281,852","518,788","238,621","280,167","471,253","205,599","265,654","432,862","187,421","221,809","11,303","12,193","386,497","170,874","187,497","28,126","353,188","168,933","152,523","31,732","328,479","154,773","138,359","35,347","312,224","149,061","155,113","8,050","273,842","124,782","148,157","202,333","96,238","104,958",0,0,"158,294","81,246","76,539",509,"130,993","67,597","63,396"
Oklahoma,"1,560,699","503,890","1,020,280","1,452,992","420,375","949,136","83,481","1,334,872","443,547","891,325","1,462,661","502,496","960,165","1,463,758","503,966","959,792","1,234,229","474,276","744,337",0,"1,206,713","488,105","582,315","130,788","1,390,359","473,066","592,929","319,878","1,171,036","483,423","678,367","1,255,676","385,080","861,530","1,149,708","402,026","695,570","38,284","1,092,251","532,442","545,708","1,029,900","247,147","759,025","943,086","301,658","449,697","191,731","932,499","519,834","412,665","903,150","370,111","533,039",0,"859,350","385,581","473,769",0,"948,984","430,939","518,045","721,599","452,782","268,817",0,0,"722,636","401,549","319,424","826,212","474,313","348,872","749,740","501,069","245,122","704,633","516,468","188,165",0,"618,427","219,174","394,046","528,415","255,798","226,242","46,375","486,610","217,053","243,831","25,726","292,416","148,113","97,233","45,190","253,801","119,156","90,786",0,"41,674","254,983","122,363","110,474","21,734",,,,,,,,,,,,,,,,,,,,,,,,,,,,,,,,,,,,,,,,,,,,,,,,,,,,,,,,,,,,,,,,,,,,,,,,
Oregon,"2,374,321","1,340,383","958,448","2,001,336","1,002,106","782,403","94,231","1,789,270","970,488","754,175","1,827,864","1,037,291","738,475","1,836,782","943,163","866,831","1,533,968","720,342","713,577","77,357","1,377,760","649,641","538,152","121,221","1,462,643","621,314","475,757","354,091","1,201,694","616,206","560,126","1,226,527","536,479","685,700","1,181,516","456,890","571,044","112,389","1,029,876","490,407","492,120","927,946","392,760","486,686","819,622","358,866","408,433","49,683","786,305","501,017","282,779","776,421","367,402","408,060",959,"735,597","329,204","406,393",0,"695,059","270,579","420,815","524,080","243,147","260,904",0,"14,978","480,147","248,635","225,365","481,240","258,415","219,555","414,021","266,733","122,706","368,808","213,871","136,019","15,450","319,942","109,223","205,341","279,488","67,589","142,579","68,403","238,522","80,019","143,592","9,801","261,650","120,087","126,813","9,711","137,040","47,064","34,673","37,600","13,343","110,889","38,049","62,530","7,339","90,154","17,521","60,455","7,619","83,251","32,810","46,172","97,414","46,739","48,779","78,491","14,243","35,002","26,965","61,853","26,522","33,291","52,682","24,604","26,860","40,823","19,955","20,619",249,"29,881","14,157","15,214","20,147","7,742","11,818","22,086","11,125","10,961","18,345","8,457","9,888","14,761","4,131","5,344","5,074",212,,,,,,,,,,,,,,,,,,,,,,,,,,,,,,,
Pennsylvania,"6,938,383","3,461,147","3,378,992","6,166,938","2,926,458","2,970,742","146,719","5,754,939","2,990,274","2,680,434","6,015,476","3,276,363","2,655,885","5,769,590","2,938,095","2,793,847","4,913,119","2,485,967","2,281,127","103,392","4,506,118","2,215,819","1,801,169","430,984","4,959,810","2,239,164","1,791,841","902,667","4,536,251","2,194,944","2,300,087","4,844,903","2,228,131","2,584,323","4,561,501","1,937,540","2,261,872","292,921","4,620,787","2,328,677","2,205,604","4,592,105","1,796,951","2,714,521","4,747,928","2,259,405","2,090,017","378,582","4,822,690","3,130,954","1,673,657","5,006,541","2,556,282","2,439,956","10,303","4,576,503","1,981,769","2,585,252","9,482","4,580,969","2,146,269","2,415,789","3,735,148","1,752,426","1,902,197",0,"55,161","3,794,793","1,940,479","1,835,054","4,078,714","2,171,035","1,889,848","4,138,426","2,353,987","1,690,200","2,859,177","1,295,948","1,453,540","91,223","3,150,610","1,067,586","2,055,382","2,144,850","409,192","1,401,481","307,567","1,852,616","503,843","1,218,216","70,571","1,297,292","521,784","703,823","42,638","1,217,736","395,637","273,360","444,894","83,614","1,267,450","448,782","745,779","33,914","1,236,738","337,998","840,949","21,863","1,173,210","424,232","712,665","1,194,355","433,228","728,300","1,003,010","452,264","516,011","8,714","997,568","446,633","526,091","903,864","392,785","478,804","874,783","407,428","444,704","20,668","758,993","366,204","384,184","563,262","212,041","349,589","655,662","313,382","342,280","572,707","276,316","296,391","476,442","16,765","268,030","178,871","12,776","460,161","230,686","147,286","82,189","387,839","198,562","179,104","8,495","368,552","171,976","185,313","11,263","331,572","167,447","161,125","3,000","288,026","143,676","144,010","178,692","91,457","87,235",0,0,"158,638","91,949",0,"66,689","152,500","101,652","50,848"
Rhode Island,"517,757","307,486","199,922","464,144","252,525","180,543","14,746","446,049","279,677","157,204","471,766","296,571","165,391","437,134","259,760","169,046","409,112","249,508","130,555","25,052","390,284","233,050","104,683","43,723","453,478","213,299","131,601","105,045","404,620","225,123","177,761","410,492","197,106","212,080","416,072","198,342","154,793","59,819","411,170","227,636","181,249","415,808","194,645","220,383","385,000","246,518","122,359","15,678","390,091","315,463","74,615","405,535","258,032","147,502",1,"387,611","161,790","225,819",2,"414,498","203,293","210,935","327,702","188,736","135,787",0,"2,619","299,276","175,356","123,487","321,148","182,182","138,653","311,178","165,238","125,031","266,170","146,604","115,266","3,138","237,194","118,973","117,522","210,115","76,606","125,286","7,628","167,981","55,062","107,463","4,351","87,816","40,394","44,858","1,914","77,894","30,412","27,703","16,878","2,049","72,317","24,706","43,942","1,365","68,656","24,839","41,605",956,"56,548","19,812","33,784","54,785","14,459","37,437","53,196","24,336","26,975",228,"40,775","17,530","21,969","32,771","12,391","19,030","29,235","10,779","18,195",236,"26,627","10,712","15,787","18,994","5,329","13,665","19,541","6,548","12,993","22,432","8,470","13,962","19,951","7,707","12,244",0,0,"19,822","6,680","11,467","1,675","17,005","8,735","7,626",644,"11,155","3,646","6,779",730,"12,296","4,867","7,322",107,"8,621","3,301","5,278","5,674","2,964","2,710",0,0,"4,936","2,126","2,810",0,"3,575",821,"2,754"
South Carolina,"2,513,329","1,091,541","1,385,103","2,103,027","855,373","1,155,389","49,204","1,964,118","865,941","1,071,645","1,920,969","862,449","1,034,896","1,617,730","661,699","937,974","1,383,777","566,039","786,426","20,279","1,149,457","504,051","573,458","64,386","1,202,527","479,514","577,507","138,872","986,009","370,554","606,443","968,540","344,470","615,539","890,083","427,560","441,207","14,150","802,594","450,825","346,140","677,880","189,270","478,427","666,982","197,486","254,062","215,430","524,756","215,700","309,048","386,688","198,129","188,558",1,"300,583","136,372","75,700","88,511","341,086","173,004","168,082","142,571","34,423","5,386","102,607",154,"103,375","90,601","4,610","99,832","95,470","4,360","115,437","113,791","1,646","104,407","102,347","1,978",82,"68,605","62,700","5,858","50,752","49,008","1,123",620,"66,808","64,170","2,610",28,"63,952","61,846","1,550",135,"50,405","48,357",536,"1,293",164,"66,379","62,288","3,945",100,"55,118","52,563","2,554",0,"50,812","47,233","3,579","68,938","58,801","9,313","70,504","54,680","13,345","2,407","79,997","65,824","13,736","92,812","69,845","21,730","169,793","111,236","57,954",567,"182,683","90,897","91,786","95,452","22,699","72,290","107,538","45,237","62,301",,,,,,,,,,,,,,,,,,,,,,,,,,,,,,,,,,,,,,,
South Dakota,"422,609","150,471","261,043","370,111","117,466","227,731","20,850","363,815","145,039","210,610","381,975","170,924","203,054","388,215","149,244","232,584","316,269","118,804","190,700",0,"323,826","139,333","150,543","31,250","336,254","124,888","136,718","73,295","312,991","145,560","165,415","317,867","116,113","200,267","327,703","103,855","198,343","21,431","300,678","147,068","151,505","307,415","139,945","166,476","281,264","118,023","149,841","13,400","293,118","163,010","130,108","306,487","128,070","178,417",0,"293,857","122,288","171,569",0,"294,283","90,426","203,857","250,105","117,653","129,651",0,"2,801","232,076","96,711","135,365","308,427","131,362","177,065","296,452","160,137","125,977","288,438","183,515","99,212","1,551","261,865","102,660","157,603","203,868","27,214","101,299","75,355","182,237","35,938","110,692",0,"128,942","59,191","64,217","3,760","116,325","48,942",0,"58,811","4,662","114,775","40,266","67,536","2,846","101,395","21,969","72,083","3,138","96,124","39,544","54,530","82,950","41,225","41,042","70,513","9,081","34,888","26,544",,,,,,,,,,,,,,,,,,,,,,,,,,,,,,,,,,,,,,,,,,,,,,,,,,,,,,,,,,
Tennessee,"3,053,851","1,143,711","1,852,475","2,508,027","870,695","1,522,925","70,397","2,460,904","960,709","1,462,330","2,601,982","1,087,437","1,479,178","2,434,949","1,035,160","1,383,336","2,076,181","981,720","1,061,949","19,781","1,894,105","909,146","863,530","105,918","1,982,638","933,521","841,300","199,968","1,636,250","679,794","947,233","1,711,993","711,714","990,212","1,617,616","783,051","787,761","35,991","1,476,346","825,879","633,969","1,201,182","357,293","813,147","1,248,617","351,233","472,592","424,792","1,143,946","634,947","508,965","1,051,792","481,453","556,577","13,762","939,404","456,507","462,288","20,609","892,553","443,710","446,147","550,283","270,402","202,914","73,815","1,864","510,692","308,707","200,311","522,823","351,601","169,153","475,538","327,083","146,520","390,256","259,473","126,752","1,796","363,473","167,343","195,388","300,220","158,682","130,728","10,610","428,626","206,558","219,829","2,239","272,190","153,280","116,223","2,542","251,933","133,021","60,475","54,041","3,564","257,180","135,608","117,977","1,870","242,750","131,653","105,363","1,354","273,860","145,240","123,108","320,903","167,168","148,683","265,732","136,468","100,537","23,918","303,694","158,699","138,978","259,978","133,770","124,101","243,263","129,569","107,677","6,017","222,743","133,177","89,566","179,046","93,391","85,655","82,757","26,129","56,628",,,,"146,106","11,281",0,"65,097","69,728","133,582","69,704",0,"63,878","115,486","56,900","58,586",0,"122,463","58,142","64,321",0,"119,957","59,917","60,040",0,"108,145","47,951","60,194","62,197","26,170",0,"36,027",0,"29,425","28,078","1,347",0,"46,533","44,293","2,240"
Texas,"11,315,056","5,259,126","5,890,347","8,993,855","3,877,868","4,685,047","283,492","7,999,532","3,308,124","4,569,843","8,087,791","3,528,633","4,479,328","7,410,765","2,832,704","4,526,917","6,407,637","2,433,746","3,799,639","137,994","5,611,644","2,459,683","2,736,167","378,537","6,154,018","2,281,815","2,496,071","1,354,781","5,427,410","2,352,748","3,036,829","5,397,571","1,949,276","3,433,428","4,541,637","1,881,147","2,510,705","111,613","4,071,884","2,082,319","1,953,300","3,472,714","1,154,291","2,298,896","3,079,406","1,266,804","1,227,844","584,269","2,626,811","1,663,185","958,566","2,311,084","1,167,567","1,121,310","22,207","1,955,545","859,958","1,080,619","14,968","2,075,946","969,228","1,102,878","1,249,577","824,235","303,467","113,776","3,920","1,150,331","821,605","191,425","1,124,531","909,974","212,692","849,736","739,952","104,661","863,426","760,348","97,959","4,450","708,999","341,032","367,036","657,509","484,605","130,023","42,881","486,641","288,767","114,538","8,121","372,461","286,514","64,999","18,963","301,778","219,489","28,530","26,745","24,896","293,757","217,302","65,666","7,870","234,008","167,200","51,242","2,791","423,706","267,432","130,641","544,786","370,434","167,520","422,145","239,148","81,144","99,688","357,513","234,883","88,422","325,305","225,309","93,141","241,726","156,428","57,893","27,405","149,555","104,755","44,800","116,594","66,546","47,468",,,,,,,"62,986",0,0,"47,548","15,438","46,808","31,169",0,"15,639","18,547","13,552","4,995",0,"15,177","10,668","4,509",0,,,,,,,,,,,,,,,,,,,
Utah,"1,505,828","560,282","865,140","1,143,732","310,676","515,231","39,608","1,020,861","251,813","740,600","958,996","327,670","596,030","927,844","241,199","663,742","770,754","203,053","515,096","35,850","665,629","221,633","361,911","66,461","744,069","183,429","322,632","203,400","647,008","207,343","428,442","629,656","155,369","469,105","604,222","124,266","439,687","30,284","541,198","182,110","337,908","478,476","126,284","323,643","422,568","156,665","238,728","26,906","400,310","219,628","180,682","374,709","169,248","205,361",100,"333,995","118,364","215,631",0,"329,554","135,364","194,190","276,305","149,151","124,402",0,"2,679","248,319","150,088","97,891","247,819","154,277","93,151","216,677","150,246","64,555","206,578","116,750","84,795","4,087","176,603","80,985","94,618","156,990","47,001","77,327","32,662","145,828","56,639","81,555","3,159","143,146","84,145","54,137","4,460","112,386","36,579","42,100","24,174","9,023","108,613","42,601","61,028","4,895","101,672","33,413","62,446","5,767","93,189","45,006","47,139","78,119","64,607","13,491",,,,,,,,,,,,,,,,,,,,,,,,,,,,,,,,,,,,,,,,,,,,,,,,,,,,,,,,,,,,,,
Vermont,"367,428","242,820","112,704","315,067","178,573","95,369","10,078","299,290","199,239","92,698","325,046","219,262","98,974","312,309","184,067","121,180","294,308","149,022","119,775","20,374","258,449","137,894","80,352","31,024","289,701","133,592","88,122","65,991","243,333","115,775","124,331","234,561","95,730","135,865","213,207","81,891","94,598","31,760","187,855","81,044","102,085","186,946","68,174","117,149","161,404","70,255","85,142","5,104","163,089","108,127","54,942","167,324","69,186","98,131",7,"152,978","42,549","110,390",39,"153,557","43,355","109,717","123,382","45,557","75,926",0,"1,279","125,361","53,820","71,527","143,062","64,269","78,371","143,689","62,124","81,023","136,980","56,266","78,984","1,533","135,191","44,440","90,404","102,917","16,124","80,498","5,964","89,961","20,919","68,212",0,"64,475","22,708","40,250",798,"62,842","15,354","23,332","22,132",928,"52,680","11,496","39,552",0,"51,888","9,777","40,459",859,"56,212","12,849","42,569","63,847","10,640","51,127","55,796","16,325","37,992",44,"65,452","16,788","45,192","59,401","17,331","39,514","64,594","18,182","45,091","1,212","64,553","20,254","44,091","52,980","10,926","41,480","56,212","12,045","44,167","55,742","13,322","42,420","44,566","8,649","33,808","1,866",217,"50,748","10,577","39,561",545,"43,890","13,044","22,173","8,621","47,922","10,948","23,132","13,837","48,829","18,049","26,780","3,970","50,773","18,009","32,445","35,031","14,037","20,994",0,0,"32,128","7,870","11,152","13,106","33,713","8,350","25,363"
Virginia,"4,460,524","2,413,568","1,962,430","3,982,752","1,981,473","1,769,443","118,274","3,854,489","1,971,820","1,822,522","3,723,260","1,959,532","1,725,005","3,198,367","1,454,742","1,716,959","2,739,447","1,217,290","1,437,490","59,398","2,416,642","1,091,060","1,138,350","159,861","2,558,665","1,038,650","1,150,517","348,639","2,191,609","859,799","1,309,162","2,146,635","796,250","1,337,078","1,866,032","752,174","989,609","95,418","1,697,094","813,896","836,554","1,457,019","438,887","988,493","1,361,491","442,387","590,319","321,833","1,042,267","558,038","481,334","771,449","362,327","404,521","4,601","697,978","267,760","386,459","43,759","619,689","268,677","349,037","419,256","200,786","172,070","43,393","2,047","388,485","242,276","145,243","346,607","235,961","109,363","334,590","234,980","98,336","297,942","203,979","89,637","2,382","305,358","140,146","164,609","223,602","139,716","73,312","10,377","230,999","141,670","87,456",807,"153,992","102,824","49,356","1,062","136,976","90,332","23,288","21,777",820,"137,065","82,946","52,572",255,"130,410","80,649","48,180",202,"264,208","146,079","115,769","294,674","154,708","135,379","292,238","164,136","113,098","12,275","304,087","152,004","150,399","284,977","145,491","139,356","211,616","128,083","83,533",0,"236,288","140,770","95,518","185,195","91,647","93,463",,,,,,,"166,891","16,198","1,887","74,325","74,481","150,233","90,083",0,"60,150","132,604","73,872","58,732",0,"92,004","46,739","45,265",0,"95,539","50,679","44,860",0,"86,394","43,757","42,637","53,945","30,556",0,"23,384",0,"45,682","34,243","11,436",3,"38,924","26,854","12,070"
Washington,"4,087,631","2,369,612","1,584,651","3,316,996","1,742,718","1,221,747","160,879","3,145,958","1,755,396","1,290,670","3,053,261","1,750,848","1,229,216","2,861,713","1,510,201","1,304,894","2,488,745","1,247,652","1,108,864","103,002","2,253,837","1,123,323","840,712","201,003","2,288,230","993,037","731,234","541,780","1,865,253","933,516","903,835","1,883,910","807,352","1,051,670","1,742,394","650,193","865,244","185,073","1,555,534","717,323","777,732","1,470,847","568,334","837,135","1,304,281","616,037","588,510","96,990","1,258,556","779,881","470,366","1,241,572","599,298","629,273","13,001","1,150,889","523,002","620,430","7,457","1,102,708","492,845","599,107","905,059","476,165","386,315",0,"31,692","856,328","486,774","361,689","793,833","462,145","322,123","692,338","459,579","206,892","614,814","353,260","208,645","17,080","500,840","156,772","335,844","421,549","42,842","220,224","150,727","398,715","84,298","223,137","8,913","380,994","183,388","167,208","22,800","322,799","86,840","70,445","113,698","40,134","183,879","58,691","106,062","14,177","145,151","28,098","101,540","10,023","107,524","44,833","57,456","93,583","53,314","39,153","87,969","29,802","36,460","19,165",,,,,,,,,,,,,,,,,,,,,,,,,,,,,,,,,,,,,,,,,,,,,,,,,,,,,,,,,,
West Virginia,"794,652","235,984","545,382","721,261","188,794","489,371","23,004","672,119","238,269","417,655","715,123","303,857","397,466","755,887","326,541","423,778","648,124","295,497","336,475","10,680","636,459","327,812","233,946","71,639","683,711","331,001","241,974","108,829","653,311","341,016","310,065","735,742","328,125","405,483","737,715","367,462","334,206","31,691","750,674","435,914","314,760","762,399","277,435","484,964","754,206","374,091","307,555","72,560","792,040","538,087","253,953","837,781","441,786","395,995",0,"830,831","381,534","449,297",0,"873,548","453,578","419,970","748,750","429,188","316,251",0,"3,311","715,596","392,777","322,819","868,076","495,662","372,414","829,945","502,582","325,358","743,774","405,124","330,731","5,133","642,752","263,784","375,551","583,662","257,232","288,635","36,723","509,942","220,789","282,007","5,618","289,852","140,403","143,124","6,150","268,828","113,197","56,754","79,112","15,248","258,105","111,418","137,869","3,679","239,986","100,855","132,620","1,573","220,796","98,807","119,829","201,757","94,480","105,379","171,079","84,467","80,292","4,167","159,440","78,677","78,171","132,145","67,311","63,096","112,641","57,390","46,243","9,008","99,647","56,546","41,997","62,467","29,532","32,320","49,321","20,306","29,015","34,877","11,078","23,799",,,,,,,,,,,,,,,,,,,,,,,,,,,,,,,,,,,,
Wisconsin,"3,298,041","1,630,866","1,610,184","2,976,150","1,382,536","1,405,284","106,674","3,068,434","1,620,985","1,407,966","2,983,417","1,677,211","1,262,393","2,997,007","1,489,504","1,478,120","2,598,607","1,242,987","1,237,279","94,070","2,196,169","1,071,971","845,029","227,339","2,531,114","1,041,066","930,855","544,479","2,191,608","1,126,794","1,047,499","2,212,016","995,847","1,198,800","2,273,221","981,584","1,088,845","160,657","2,101,336","1,040,232","1,004,987","1,852,890","810,174","989,430","1,691,538","748,804","809,997","127,835","1,691,815","1,050,424","638,495","1,729,082","830,805","895,175","3,102","1,550,558","586,768","954,844","8,946","1,607,370","622,175","979,744","1,276,800","647,310","590,959",0,"25,282","1,339,152","650,413","674,532","1,405,522","704,821","679,206","1,258,560","802,984","380,828","1,114,808","707,410","347,741","53,379","1,016,831","450,259","544,205","840,826","68,115","311,614","453,678","701,280","113,422","498,576","80,635","447,134","191,363","220,822","27,631","399,975","164,230","130,596","62,448","33,476","454,441","166,662","247,747","28,147","443,441","124,205","280,315","28,240","442,501","159,163","265,760","447,409","165,523","268,135","371,581","177,325","171,101","10,019","354,614","155,232","176,553","319,835","146,453","161,135","267,187","114,644","144,398","7,986","257,177","123,926","130,067","192,305","86,477","104,994","193,603","84,703","108,900","149,342","65,884","83,458","152,183","65,021","86,113",888,161,"119,512","52,843","66,090",579,"64,682","33,658","22,210","8,814","39,166","15,001","13,747","10,418",,,,,,,,,,,,,,,,,,,
Wyoming,"276,765","73,491","193,559","255,849","55,973","174,419","13,287","249,061","69,286","170,962","254,658","82,868","164,958","243,428","70,776","167,629","218,351","60,481","147,947","4,625","211,571","77,934","105,388","25,928","200,625","68,160","79,347","51,263","176,551","67,113","106,867","188,968","53,370","133,241","176,713","49,427","110,700","12,072","156,343","62,239","92,717","145,570","44,358","100,464","127,205","45,173","70,927","11,105","142,716","80,718","61,998","140,782","63,331","77,451",0,"124,127","49,554","74,573",0,"129,251","47,934","81,047","101,425","52,354","47,947",0,931,"101,340","49,419","51,921","112,240","59,287","52,633","103,382","62,624","38,739","96,962","54,370","39,583","2,829","82,835","29,299","52,748","79,900","12,868","41,858","25,174","54,700","17,429","35,091",0,"51,840","28,316","21,698","1,453","42,296","15,310","14,560","9,232","2,760","37,609","14,918","20,846","1,715","30,708","8,930","20,489","1,072","24,687","10,164","14,482","21,092","10,861","10,072","16,735",0,"8,454","7,722",,,,,,,,,,,,,,,,,,,,,,,,,,,,,,,,,,,,,,,,,,,,,,,,,,,,,,,,,,
Washington DC,"344,356","317,323","18,586","311,268","282,830","12,723","4,906","293,764","267,070","21,381","265,853","245,800","17,367","227,586","202,970","21,256","201,894","171,923","18,073","10,576","185,726","158,220","17,339","3,611","227,572","192,619","20,698","9,681","192,877","159,407","27,590","211,288","180,408","29,009","173,889","130,231","23,313","16,131","168,830","137,818","27,873","163,421","127,627","35,226","170,578","139,566","31,012",0,"198,597","169,796","28,801",,,,,,,,,,,,,,,,,,,,,,,,,,,,,,,,,,,,,,,,,,,,,,,,,,,,,,,,,,,,,,,,,,,,,,,,,,,,,,,,,,,,,,,,,,,,,,,,,,,,,,,,,,,,,,,,,,,,,,,,,,,,,